INSERT INTO PLANTING_RECORD (CROP_IRRIGATION_WATER_NEED, HARVEST_DATE, SEED_DATE, FK_CROP, FK_PARCEL, FK_STATUS) VALUES ('n/a', '2001-05-19', '2001-01-15', 12, 1, 1);
INSERT INTO PLANTING_RECORD (CROP_IRRIGATION_WATER_NEED, HARVEST_DATE, SEED_DATE, FK_CROP, FK_PARCEL, FK_STATUS) VALUES ('n/a', '2001-10-11', '2001-06-09', 12, 1, 1);
INSERT INTO PLANTING_RECORD (CROP_IRRIGATION_WATER_NEED, HARVEST_DATE, SEED_DATE, FK_CROP, FK_PARCEL, FK_STATUS) VALUES ('n/a', '2002-02-23', '2001-10-22', 12, 1, 1);
INSERT INTO PLANTING_RECORD (CROP_IRRIGATION_WATER_NEED, HARVEST_DATE, SEED_DATE, FK_CROP, FK_PARCEL, FK_STATUS) VALUES ('n/a', '2002-07-31', '2002-03-19', 13, 1, 1);
INSERT INTO PLANTING_RECORD (CROP_IRRIGATION_WATER_NEED, HARVEST_DATE, SEED_DATE, FK_CROP, FK_PARCEL, FK_STATUS) VALUES ('n/a', '2002-12-17', '2002-08-05', 13, 1, 1);
INSERT INTO PLANTING_RECORD (CROP_IRRIGATION_WATER_NEED, HARVEST_DATE, SEED_DATE, FK_CROP, FK_PARCEL, FK_STATUS) VALUES ('n/a', '2003-05-01', '2002-12-18', 13, 1, 1);
INSERT INTO PLANTING_RECORD (CROP_IRRIGATION_WATER_NEED, HARVEST_DATE, SEED_DATE, FK_CROP, FK_PARCEL, FK_STATUS) VALUES ('n/a', '2003-10-02', '2003-05-21', 13, 1, 1);
INSERT INTO PLANTING_RECORD (CROP_IRRIGATION_WATER_NEED, HARVEST_DATE, SEED_DATE, FK_CROP, FK_PARCEL, FK_STATUS) VALUES ('n/a', '2004-03-04', '2003-10-22', 13, 1, 1);
INSERT INTO PLANTING_RECORD (CROP_IRRIGATION_WATER_NEED, HARVEST_DATE, SEED_DATE, FK_CROP, FK_PARCEL, FK_STATUS) VALUES ('n/a', '2004-08-02', '2004-03-21', 13, 1, 1);
INSERT INTO PLANTING_RECORD (CROP_IRRIGATION_WATER_NEED, HARVEST_DATE, SEED_DATE, FK_CROP, FK_PARCEL, FK_STATUS) VALUES ('n/a', '2005-01-13', '2004-09-01', 13, 1, 1);
INSERT INTO PLANTING_RECORD (CROP_IRRIGATION_WATER_NEED, HARVEST_DATE, SEED_DATE, FK_CROP, FK_PARCEL, FK_STATUS) VALUES ('n/a', '2005-05-29', '2005-01-15', 13, 1, 1);
INSERT INTO PLANTING_RECORD (CROP_IRRIGATION_WATER_NEED, HARVEST_DATE, SEED_DATE, FK_CROP, FK_PARCEL, FK_STATUS) VALUES ('n/a', '2005-10-19', '2005-06-07', 13, 1, 1);
INSERT INTO PLANTING_RECORD (CROP_IRRIGATION_WATER_NEED, HARVEST_DATE, SEED_DATE, FK_CROP, FK_PARCEL, FK_STATUS) VALUES ('n/a', '2006-03-29', '2005-11-15', 13, 1, 1);
INSERT INTO PLANTING_RECORD (CROP_IRRIGATION_WATER_NEED, HARVEST_DATE, SEED_DATE, FK_CROP, FK_PARCEL, FK_STATUS) VALUES ('n/a', '2006-08-17', '2006-04-05', 13, 1, 1);
INSERT INTO PLANTING_RECORD (CROP_IRRIGATION_WATER_NEED, HARVEST_DATE, SEED_DATE, FK_CROP, FK_PARCEL, FK_STATUS) VALUES ('n/a', '2006-12-20', '2006-09-17', 8, 1, 1);
INSERT INTO PLANTING_RECORD (CROP_IRRIGATION_WATER_NEED, HARVEST_DATE, SEED_DATE, FK_CROP, FK_PARCEL, FK_STATUS) VALUES ('n/a', '2007-04-12', '2007-01-08', 8, 1, 1);
INSERT INTO PLANTING_RECORD (CROP_IRRIGATION_WATER_NEED, HARVEST_DATE, SEED_DATE, FK_CROP, FK_PARCEL, FK_STATUS) VALUES ('n/a', '2007-12-08', '2007-05-13', 7, 1, 1);
INSERT INTO PLANTING_RECORD (CROP_IRRIGATION_WATER_NEED, HARVEST_DATE, SEED_DATE, FK_CROP, FK_PARCEL, FK_STATUS) VALUES ('n/a', '2008-07-31', '2008-01-04', 7, 1, 1);
INSERT INTO PLANTING_RECORD (CROP_IRRIGATION_WATER_NEED, HARVEST_DATE, SEED_DATE, FK_CROP, FK_PARCEL, FK_STATUS) VALUES ('n/a', '2009-03-01', '2008-08-04', 7, 1, 1);
INSERT INTO PLANTING_RECORD (CROP_IRRIGATION_WATER_NEED, HARVEST_DATE, SEED_DATE, FK_CROP, FK_PARCEL, FK_STATUS) VALUES ('n/a', '2009-04-16', '2009-03-13', 10, 1, 1);
INSERT INTO PLANTING_RECORD (CROP_IRRIGATION_WATER_NEED, HARVEST_DATE, SEED_DATE, FK_CROP, FK_PARCEL, FK_STATUS) VALUES ('n/a', '2009-05-22', '2009-04-18', 10, 1, 1);
INSERT INTO PLANTING_RECORD (CROP_IRRIGATION_WATER_NEED, HARVEST_DATE, SEED_DATE, FK_CROP, FK_PARCEL, FK_STATUS) VALUES ('n/a', '2009-06-29', '2009-05-26', 10, 1, 1);
INSERT INTO PLANTING_RECORD (CROP_IRRIGATION_WATER_NEED, HARVEST_DATE, SEED_DATE, FK_CROP, FK_PARCEL, FK_STATUS) VALUES ('n/a', '2009-08-14', '2009-07-11', 10, 1, 1);
INSERT INTO PLANTING_RECORD (CROP_IRRIGATION_WATER_NEED, HARVEST_DATE, SEED_DATE, FK_CROP, FK_PARCEL, FK_STATUS) VALUES ('n/a', '2009-12-24', '2009-08-17', 14, 1, 1);
INSERT INTO PLANTING_RECORD (CROP_IRRIGATION_WATER_NEED, HARVEST_DATE, SEED_DATE, FK_CROP, FK_PARCEL, FK_STATUS) VALUES ('n/a', '2010-05-12', '2010-01-03', 14, 1, 1);
INSERT INTO PLANTING_RECORD (CROP_IRRIGATION_WATER_NEED, HARVEST_DATE, SEED_DATE, FK_CROP, FK_PARCEL, FK_STATUS) VALUES ('n/a', '2010-09-25', '2010-05-19', 14, 1, 1);
INSERT INTO PLANTING_RECORD (CROP_IRRIGATION_WATER_NEED, HARVEST_DATE, SEED_DATE, FK_CROP, FK_PARCEL, FK_STATUS) VALUES ('n/a', '2011-02-03', '2010-09-27', 14, 1, 1);
INSERT INTO PLANTING_RECORD (CROP_IRRIGATION_WATER_NEED, HARVEST_DATE, SEED_DATE, FK_CROP, FK_PARCEL, FK_STATUS) VALUES ('n/a', '2011-06-27', '2011-02-18', 14, 1, 1);
INSERT INTO PLANTING_RECORD (CROP_IRRIGATION_WATER_NEED, HARVEST_DATE, SEED_DATE, FK_CROP, FK_PARCEL, FK_STATUS) VALUES ('n/a', '2011-11-25', '2011-07-19', 14, 1, 1);
INSERT INTO PLANTING_RECORD (CROP_IRRIGATION_WATER_NEED, HARVEST_DATE, SEED_DATE, FK_CROP, FK_PARCEL, FK_STATUS) VALUES ('n/a', '2012-04-22', '2011-12-15', 14, 1, 1);
INSERT INTO PLANTING_RECORD (CROP_IRRIGATION_WATER_NEED, HARVEST_DATE, SEED_DATE, FK_CROP, FK_PARCEL, FK_STATUS) VALUES ('n/a', '2012-09-07', '2012-05-01', 14, 1, 1);
INSERT INTO PLANTING_RECORD (CROP_IRRIGATION_WATER_NEED, HARVEST_DATE, SEED_DATE, FK_CROP, FK_PARCEL, FK_STATUS) VALUES ('n/a', '2013-02-14', '2012-10-08', 14, 1, 1);
INSERT INTO PLANTING_RECORD (CROP_IRRIGATION_WATER_NEED, HARVEST_DATE, SEED_DATE, FK_CROP, FK_PARCEL, FK_STATUS) VALUES ('n/a', '2013-06-24', '2013-02-15', 14, 1, 1);
INSERT INTO PLANTING_RECORD (CROP_IRRIGATION_WATER_NEED, HARVEST_DATE, SEED_DATE, FK_CROP, FK_PARCEL, FK_STATUS) VALUES ('n/a', '2013-11-24', '2013-07-18', 17, 1, 1);
INSERT INTO PLANTING_RECORD (CROP_IRRIGATION_WATER_NEED, HARVEST_DATE, SEED_DATE, FK_CROP, FK_PARCEL, FK_STATUS) VALUES ('n/a', '2014-04-09', '2013-12-01', 17, 1, 1);
INSERT INTO PLANTING_RECORD (CROP_IRRIGATION_WATER_NEED, HARVEST_DATE, SEED_DATE, FK_CROP, FK_PARCEL, FK_STATUS) VALUES ('n/a', '2014-09-16', '2014-05-10', 17, 1, 1);
INSERT INTO PLANTING_RECORD (CROP_IRRIGATION_WATER_NEED, HARVEST_DATE, SEED_DATE, FK_CROP, FK_PARCEL, FK_STATUS) VALUES ('n/a', '2015-02-07', '2014-10-01', 17, 1, 1);
INSERT INTO PLANTING_RECORD (CROP_IRRIGATION_WATER_NEED, HARVEST_DATE, SEED_DATE, FK_CROP, FK_PARCEL, FK_STATUS) VALUES ('n/a', '2015-07-05', '2015-02-26', 17, 1, 1);
INSERT INTO PLANTING_RECORD (CROP_IRRIGATION_WATER_NEED, HARVEST_DATE, SEED_DATE, FK_CROP, FK_PARCEL, FK_STATUS) VALUES ('n/a', '2015-11-24', '2015-07-18', 17, 1, 1);
INSERT INTO PLANTING_RECORD (CROP_IRRIGATION_WATER_NEED, HARVEST_DATE, SEED_DATE, FK_CROP, FK_PARCEL, FK_STATUS) VALUES ('n/a', '2016-04-07', '2015-11-30', 17, 1, 1);
INSERT INTO PLANTING_RECORD (CROP_IRRIGATION_WATER_NEED, HARVEST_DATE, SEED_DATE, FK_CROP, FK_PARCEL, FK_STATUS) VALUES ('n/a', '2016-09-06', '2016-04-30', 17, 1, 1);
INSERT INTO PLANTING_RECORD (CROP_IRRIGATION_WATER_NEED, HARVEST_DATE, SEED_DATE, FK_CROP, FK_PARCEL, FK_STATUS) VALUES ('n/a', '2017-01-16', '2016-09-09', 17, 1, 1);
INSERT INTO PLANTING_RECORD (CROP_IRRIGATION_WATER_NEED, HARVEST_DATE, SEED_DATE, FK_CROP, FK_PARCEL, FK_STATUS) VALUES ('n/a', '2017-05-31', '2017-01-22', 17, 1, 1);

INSERT INTO CLIMATE_RECORD (ATMOSPHERIC_PRESSURE, CLOUD_COVER, "DATE", DEW_POINT, ETC, ETO, MAX_TEMP, MIN_TEMP, PRECIP, PRECIP_PROBABILITY, WIND_SPEED, FK_PARCEL)
VALUES (101.43, 0.31, '2001-01-31', -4.4, 15.0, 3.613157757002548, 18.3, 9.01, 7.0, 0.0, 6.83, 1);
INSERT INTO CLIMATE_RECORD (ATMOSPHERIC_PRESSURE, CLOUD_COVER, "DATE", DEW_POINT, ETC, ETO, MAX_TEMP, MIN_TEMP, PRECIP, PRECIP_PROBABILITY, WIND_SPEED, FK_PARCEL)
VALUES (101.43, 0.31, '2002-02-12', -4.4, 15.0, 3.613157757002548, 18.3, 9.01, 5.0, 0.0, 6.83, 1);
INSERT INTO CLIMATE_RECORD (ATMOSPHERIC_PRESSURE, CLOUD_COVER, "DATE", DEW_POINT, ETC, ETO, MAX_TEMP, MIN_TEMP, PRECIP, PRECIP_PROBABILITY, WIND_SPEED, FK_PARCEL)
VALUES (101.43, 0.31, '2003-03-13', -4.4, 15.0, 3.613157757002548, 18.3, 9.01, 4.0, 0.0, 6.83, 1);
INSERT INTO CLIMATE_RECORD (ATMOSPHERIC_PRESSURE, CLOUD_COVER, "DATE", DEW_POINT, ETC, ETO, MAX_TEMP, MIN_TEMP, PRECIP, PRECIP_PROBABILITY, WIND_SPEED, FK_PARCEL)
VALUES (101.43, 0.31, '2004-04-14', -4.4, 15.0, 3.613157757002548, 18.3, 9.01, 1.0, 0.0, 6.83, 1);
INSERT INTO CLIMATE_RECORD (ATMOSPHERIC_PRESSURE, CLOUD_COVER, "DATE", DEW_POINT, ETC, ETO, MAX_TEMP, MIN_TEMP, PRECIP, PRECIP_PROBABILITY, WIND_SPEED, FK_PARCEL)
VALUES (101.43, 0.31, '2005-05-15', -4.4, 15.0, 3.613157757002548, 18.3, 9.01, 2.0, 0.0, 6.83, 1);
INSERT INTO CLIMATE_RECORD (ATMOSPHERIC_PRESSURE, CLOUD_COVER, "DATE", DEW_POINT, ETC, ETO, MAX_TEMP, MIN_TEMP, PRECIP, PRECIP_PROBABILITY, WIND_SPEED, FK_PARCEL)
VALUES (101.43, 0.31, '2006-06-16', -4.4, 15.0, 3.613157757002548, 18.3, 9.01, 3.5, 0.0, 6.83, 1);
INSERT INTO CLIMATE_RECORD (ATMOSPHERIC_PRESSURE, CLOUD_COVER, "DATE", DEW_POINT, ETC, ETO, MAX_TEMP, MIN_TEMP, PRECIP, PRECIP_PROBABILITY, WIND_SPEED, FK_PARCEL)
VALUES (101.43, 0.31, '2007-07-17', -4.4, 15.0, 3.613157757002548, 18.3, 9.01, 3.9, 0.0, 6.83, 1);
INSERT INTO CLIMATE_RECORD (ATMOSPHERIC_PRESSURE, CLOUD_COVER, "DATE", DEW_POINT, ETC, ETO, MAX_TEMP, MIN_TEMP, PRECIP, PRECIP_PROBABILITY, WIND_SPEED, FK_PARCEL)
VALUES (101.43, 0.31, '2008-08-18', -4.4, 15.0, 3.613157757002548, 18.3, 9.01, 4.5, 0.0, 6.83, 1);
INSERT INTO CLIMATE_RECORD (ATMOSPHERIC_PRESSURE, CLOUD_COVER, "DATE", DEW_POINT, ETC, ETO, MAX_TEMP, MIN_TEMP, PRECIP, PRECIP_PROBABILITY, WIND_SPEED, FK_PARCEL)
VALUES (101.43, 0.31, '2009-09-19', -4.4, 15.0, 3.613157757002548, 18.3, 9.01, 9.0, 0.0, 6.83, 1);
INSERT INTO CLIMATE_RECORD (ATMOSPHERIC_PRESSURE, CLOUD_COVER, "DATE", DEW_POINT, ETC, ETO, MAX_TEMP, MIN_TEMP, PRECIP, PRECIP_PROBABILITY, WIND_SPEED, FK_PARCEL)
VALUES (101.43, 0.31, '2010-09-20', -4.4, 15.0, 3.613157757002548, 18.3, 9.01, 12.0, 0.0, 6.83, 1);

INSERT INTO TYPE_PRECIPITATION (NAME, FK_CLIMATE_RECORD) VALUES ('rain', 1);
INSERT INTO TYPE_PRECIPITATION (NAME, FK_CLIMATE_RECORD) VALUES ('rain', 2);
INSERT INTO TYPE_PRECIPITATION (NAME, FK_CLIMATE_RECORD) VALUES ('rain', 3);
INSERT INTO TYPE_PRECIPITATION (NAME, FK_CLIMATE_RECORD) VALUES ('rain', 4);
INSERT INTO TYPE_PRECIPITATION (NAME, FK_CLIMATE_RECORD) VALUES ('rain', 5);
INSERT INTO TYPE_PRECIPITATION (NAME, FK_CLIMATE_RECORD) VALUES ('rain', 6);
INSERT INTO TYPE_PRECIPITATION (NAME, FK_CLIMATE_RECORD) VALUES ('rain', 7);
INSERT INTO TYPE_PRECIPITATION (NAME, FK_CLIMATE_RECORD) VALUES ('rain', 8);
INSERT INTO TYPE_PRECIPITATION (NAME, FK_CLIMATE_RECORD) VALUES ('rain', 9);
INSERT INTO TYPE_PRECIPITATION (NAME, FK_CLIMATE_RECORD) VALUES ('rain', 10);

INSERT INTO HARVEST ("DATE", FK_CROP, FK_PARCEL, HARVEST_AMOUNT) VALUES ('2001-05-19', 12, 1, 2);
INSERT INTO HARVEST ("DATE", FK_CROP, FK_PARCEL, HARVEST_AMOUNT) VALUES ('2001-10-11', 12, 1, 2);
INSERT INTO HARVEST ("DATE", FK_CROP, FK_PARCEL, HARVEST_AMOUNT) VALUES ('2002-02-23', 12, 1, 2);
INSERT INTO HARVEST ("DATE", FK_CROP, FK_PARCEL, HARVEST_AMOUNT) VALUES ('2002-07-31', 13, 1, 2);
INSERT INTO HARVEST ("DATE", FK_CROP, FK_PARCEL, HARVEST_AMOUNT) VALUES ('2002-12-17', 13, 1, 10);
INSERT INTO HARVEST ("DATE", FK_CROP, FK_PARCEL, HARVEST_AMOUNT) VALUES ('2003-05-01', 13, 1, 12);
INSERT INTO HARVEST ("DATE", FK_CROP, FK_PARCEL, HARVEST_AMOUNT) VALUES ('2003-10-02', 13, 1, 11);
INSERT INTO HARVEST ("DATE", FK_CROP, FK_PARCEL, HARVEST_AMOUNT) VALUES ('2004-03-04', 13, 1, 8.5);
INSERT INTO HARVEST ("DATE", FK_CROP, FK_PARCEL, HARVEST_AMOUNT) VALUES ('2004-08-02', 13, 1, 7.1);
INSERT INTO HARVEST ("DATE", FK_CROP, FK_PARCEL, HARVEST_AMOUNT) VALUES ('2005-01-13', 13, 1, 9.2);
INSERT INTO HARVEST ("DATE", FK_CROP, FK_PARCEL, HARVEST_AMOUNT) VALUES ('2005-05-29', 13, 1, 13);
INSERT INTO HARVEST ("DATE", FK_CROP, FK_PARCEL, HARVEST_AMOUNT) VALUES ('2005-10-19', 13, 1, 11);
INSERT INTO HARVEST ("DATE", FK_CROP, FK_PARCEL, HARVEST_AMOUNT) VALUES ('2006-03-29', 13, 1, 11);
INSERT INTO HARVEST ("DATE", FK_CROP, FK_PARCEL, HARVEST_AMOUNT) VALUES ('2006-08-17', 13, 1, 14);
INSERT INTO HARVEST ("DATE", FK_CROP, FK_PARCEL, HARVEST_AMOUNT) VALUES ('2006-12-20', 8, 1, 12);
INSERT INTO HARVEST ("DATE", FK_CROP, FK_PARCEL, HARVEST_AMOUNT) VALUES ('2007-04-12', 8, 1, 8);
INSERT INTO HARVEST ("DATE", FK_CROP, FK_PARCEL, HARVEST_AMOUNT) VALUES ('2007-12-08', 7, 1, 9);
INSERT INTO HARVEST ("DATE", FK_CROP, FK_PARCEL, HARVEST_AMOUNT) VALUES ('2008-07-31', 7, 1, 7);
INSERT INTO HARVEST ("DATE", FK_CROP, FK_PARCEL, HARVEST_AMOUNT) VALUES ('2009-03-01', 7, 1, 9);
INSERT INTO HARVEST ("DATE", FK_CROP, FK_PARCEL, HARVEST_AMOUNT) VALUES ('2009-04-16', 10, 1, 2);
INSERT INTO HARVEST ("DATE", FK_CROP, FK_PARCEL, HARVEST_AMOUNT) VALUES ('2009-05-22', 10, 1, 1);
INSERT INTO HARVEST ("DATE", FK_CROP, FK_PARCEL, HARVEST_AMOUNT) VALUES ('2009-06-29', 10, 1, 3);
INSERT INTO HARVEST ("DATE", FK_CROP, FK_PARCEL, HARVEST_AMOUNT) VALUES ('2009-08-14', 10, 1, 1);
INSERT INTO HARVEST ("DATE", FK_CROP, FK_PARCEL, HARVEST_AMOUNT) VALUES ('2009-12-24', 14, 1, 12);
INSERT INTO HARVEST ("DATE", FK_CROP, FK_PARCEL, HARVEST_AMOUNT) VALUES ('2010-05-12', 14, 1, 11);
INSERT INTO HARVEST ("DATE", FK_CROP, FK_PARCEL, HARVEST_AMOUNT) VALUES ('2010-09-25', 14, 1, 5);
INSERT INTO HARVEST ("DATE", FK_CROP, FK_PARCEL, HARVEST_AMOUNT) VALUES ('2011-02-03', 14, 1, 2);
INSERT INTO HARVEST ("DATE", FK_CROP, FK_PARCEL, HARVEST_AMOUNT) VALUES ('2011-06-27', 14, 1, 4);
INSERT INTO HARVEST ("DATE", FK_CROP, FK_PARCEL, HARVEST_AMOUNT) VALUES ('2011-11-25', 14, 1, 8);
INSERT INTO HARVEST ("DATE", FK_CROP, FK_PARCEL, HARVEST_AMOUNT) VALUES ('2012-04-22', 14, 1, 9);
INSERT INTO HARVEST ("DATE", FK_CROP, FK_PARCEL, HARVEST_AMOUNT) VALUES ('2012-09-07', 14, 1, 10);
INSERT INTO HARVEST ("DATE", FK_CROP, FK_PARCEL, HARVEST_AMOUNT) VALUES ('2013-02-14', 14, 1, 4);
INSERT INTO HARVEST ("DATE", FK_CROP, FK_PARCEL, HARVEST_AMOUNT) VALUES ('2013-06-24', 14, 1, 3);
INSERT INTO HARVEST ("DATE", FK_CROP, FK_PARCEL, HARVEST_AMOUNT) VALUES ('2013-11-24', 17, 1, 12);
INSERT INTO HARVEST ("DATE", FK_CROP, FK_PARCEL, HARVEST_AMOUNT) VALUES ('2014-04-09', 17, 1, 15);
INSERT INTO HARVEST ("DATE", FK_CROP, FK_PARCEL, HARVEST_AMOUNT) VALUES ('2014-09-16', 17, 1, 16);
INSERT INTO HARVEST ("DATE", FK_CROP, FK_PARCEL, HARVEST_AMOUNT) VALUES ('2015-02-07', 17, 1, 18);
INSERT INTO HARVEST ("DATE", FK_CROP, FK_PARCEL, HARVEST_AMOUNT) VALUES ('2015-07-05', 17, 1, 21);
INSERT INTO HARVEST ("DATE", FK_CROP, FK_PARCEL, HARVEST_AMOUNT) VALUES ('2015-11-24', 17, 1, 11);
INSERT INTO HARVEST ("DATE", FK_CROP, FK_PARCEL, HARVEST_AMOUNT) VALUES ('2016-04-07', 17, 1, 12);
INSERT INTO HARVEST ("DATE", FK_CROP, FK_PARCEL, HARVEST_AMOUNT) VALUES ('2016-09-06', 17, 1, 15);
INSERT INTO HARVEST ("DATE", FK_CROP, FK_PARCEL, HARVEST_AMOUNT) VALUES ('2017-01-16', 17, 1, 14.5);
INSERT INTO HARVEST ("DATE", FK_CROP, FK_PARCEL, HARVEST_AMOUNT) VALUES ('2017-05-31', 17, 1, 12.2);

INSERT INTO IRRIGATION_RECORD ("DATE", IRRIGATION_DONE, FK_CROP, FK_PARCEL) VALUES ('2001-02-05', 5, 12, 1);
INSERT INTO IRRIGATION_RECORD ("DATE", IRRIGATION_DONE, FK_CROP, FK_PARCEL) VALUES ('2001-02-06', 2, 12, 1);
INSERT INTO IRRIGATION_RECORD ("DATE", IRRIGATION_DONE, FK_CROP, FK_PARCEL) VALUES ('2001-02-07', 5, 12, 1);
INSERT INTO IRRIGATION_RECORD ("DATE", IRRIGATION_DONE, FK_CROP, FK_PARCEL) VALUES ('2001-02-08', 1, 12, 1);
INSERT INTO IRRIGATION_RECORD ("DATE", IRRIGATION_DONE, FK_CROP, FK_PARCEL) VALUES ('2001-02-09', 3.5, 12, 1);
INSERT INTO IRRIGATION_RECORD ("DATE", IRRIGATION_DONE, FK_CROP, FK_PARCEL) VALUES ('2001-02-10', 3, 12, 1);
INSERT INTO IRRIGATION_RECORD ("DATE", IRRIGATION_DONE, FK_CROP, FK_PARCEL) VALUES ('2001-02-11', 8, 12, 1);
INSERT INTO IRRIGATION_RECORD ("DATE", IRRIGATION_DONE, FK_CROP, FK_PARCEL) VALUES ('2001-02-12', 9, 12, 1);
INSERT INTO IRRIGATION_RECORD ("DATE", IRRIGATION_DONE, FK_CROP, FK_PARCEL) VALUES ('2001-02-13', 10, 12, 1);
INSERT INTO IRRIGATION_RECORD ("DATE", IRRIGATION_DONE, FK_CROP, FK_PARCEL) VALUES ('2001-08-02', 2, 13, 1);
INSERT INTO IRRIGATION_RECORD ("DATE", IRRIGATION_DONE, FK_CROP, FK_PARCEL) VALUES ('2001-08-03', 2.5, 13, 1);
INSERT INTO IRRIGATION_RECORD ("DATE", IRRIGATION_DONE, FK_CROP, FK_PARCEL) VALUES ('2001-08-04', 4, 13, 1);
INSERT INTO IRRIGATION_RECORD ("DATE", IRRIGATION_DONE, FK_CROP, FK_PARCEL) VALUES ('2001-08-05', 7, 13, 1);
INSERT INTO IRRIGATION_RECORD ("DATE", IRRIGATION_DONE, FK_CROP, FK_PARCEL) VALUES ('2001-08-06', 1, 13, 1);
INSERT INTO IRRIGATION_RECORD ("DATE", IRRIGATION_DONE, FK_CROP, FK_PARCEL) VALUES ('2001-08-07', 1.5, 13, 1);
INSERT INTO IRRIGATION_RECORD ("DATE", IRRIGATION_DONE, FK_CROP, FK_PARCEL) VALUES ('2001-08-08', 2.6, 13, 1);
INSERT INTO IRRIGATION_RECORD ("DATE", IRRIGATION_DONE, FK_CROP, FK_PARCEL) VALUES ('2001-08-09', 1.2, 13, 1);
INSERT INTO IRRIGATION_RECORD ("DATE", IRRIGATION_DONE, FK_CROP, FK_PARCEL) VALUES ('2001-08-10', 1, 13, 1);
INSERT INTO IRRIGATION_RECORD ("DATE", IRRIGATION_DONE, FK_CROP, FK_PARCEL) VALUES ('2001-08-11', 5, 13, 1);
INSERT INTO IRRIGATION_RECORD ("DATE", IRRIGATION_DONE, FK_CROP, FK_PARCEL) VALUES ('2001-08-12', 4.2, 13, 1);
INSERT INTO IRRIGATION_RECORD ("DATE", IRRIGATION_DONE, FK_CROP, FK_PARCEL) VALUES ('2001-09-09', 4, 13, 1);
INSERT INTO IRRIGATION_RECORD ("DATE", IRRIGATION_DONE, FK_CROP, FK_PARCEL) VALUES ('2001-09-10', 4.7, 13, 1);
INSERT INTO IRRIGATION_RECORD ("DATE", IRRIGATION_DONE, FK_CROP, FK_PARCEL) VALUES ('2001-09-11', 3, 13, 1);
INSERT INTO IRRIGATION_RECORD ("DATE", IRRIGATION_DONE, FK_CROP, FK_PARCEL) VALUES ('2001-09-12', 3.1, 13, 1);
INSERT INTO IRRIGATION_RECORD ("DATE", IRRIGATION_DONE, FK_CROP, FK_PARCEL) VALUES ('2001-09-13', 1, 13, 1);
INSERT INTO IRRIGATION_RECORD ("DATE", IRRIGATION_DONE, FK_CROP, FK_PARCEL) VALUES ('2001-09-14', 0.5, 13, 1);
INSERT INTO IRRIGATION_RECORD ("DATE", IRRIGATION_DONE, FK_CROP, FK_PARCEL) VALUES ('2002-10-07', 1, 13, 1);
INSERT INTO IRRIGATION_RECORD ("DATE", IRRIGATION_DONE, FK_CROP, FK_PARCEL) VALUES ('2002-10-08', 2.9, 13, 1);
INSERT INTO IRRIGATION_RECORD ("DATE", IRRIGATION_DONE, FK_CROP, FK_PARCEL) VALUES ('2002-10-09', 3, 13, 1);
INSERT INTO IRRIGATION_RECORD ("DATE", IRRIGATION_DONE, FK_CROP, FK_PARCEL) VALUES ('2002-10-10', 4, 13, 1);
INSERT INTO IRRIGATION_RECORD ("DATE", IRRIGATION_DONE, FK_CROP, FK_PARCEL) VALUES ('2002-10-11', 5, 13, 1);
INSERT INTO IRRIGATION_RECORD ("DATE", IRRIGATION_DONE, FK_CROP, FK_PARCEL) VALUES ('2002-10-12', 2.1, 13, 1);
INSERT INTO IRRIGATION_RECORD ("DATE", IRRIGATION_DONE, FK_CROP, FK_PARCEL) VALUES ('2002-10-13', 1.7, 13, 1);
INSERT INTO IRRIGATION_RECORD ("DATE", IRRIGATION_DONE, FK_CROP, FK_PARCEL) VALUES ('2002-11-12', 2.5, 13, 1);
INSERT INTO IRRIGATION_RECORD ("DATE", IRRIGATION_DONE, FK_CROP, FK_PARCEL) VALUES ('2002-11-13', 3.5, 13, 1);
INSERT INTO IRRIGATION_RECORD ("DATE", IRRIGATION_DONE, FK_CROP, FK_PARCEL) VALUES ('2002-11-14', 4.5, 13, 1);
INSERT INTO IRRIGATION_RECORD ("DATE", IRRIGATION_DONE, FK_CROP, FK_PARCEL) VALUES ('2002-11-15', 5.5, 13, 1);
INSERT INTO IRRIGATION_RECORD ("DATE", IRRIGATION_DONE, FK_CROP, FK_PARCEL) VALUES ('2002-11-16', 6.5, 13, 1);
INSERT INTO IRRIGATION_RECORD ("DATE", IRRIGATION_DONE, FK_CROP, FK_PARCEL) VALUES ('2002-11-17', 7.5, 13, 1);
INSERT INTO IRRIGATION_RECORD ("DATE", IRRIGATION_DONE, FK_CROP, FK_PARCEL) VALUES ('2002-11-18', 8, 13, 1);
INSERT INTO IRRIGATION_RECORD ("DATE", IRRIGATION_DONE, FK_CROP, FK_PARCEL) VALUES ('2003-01-15', 3.1, 13, 1);
INSERT INTO IRRIGATION_RECORD ("DATE", IRRIGATION_DONE, FK_CROP, FK_PARCEL) VALUES ('2003-01-16', 4.1, 13, 1);
INSERT INTO IRRIGATION_RECORD ("DATE", IRRIGATION_DONE, FK_CROP, FK_PARCEL) VALUES ('2003-01-17', 5.1, 13, 1);
INSERT INTO IRRIGATION_RECORD ("DATE", IRRIGATION_DONE, FK_CROP, FK_PARCEL) VALUES ('2003-01-18', 1.1, 13, 1);
INSERT INTO IRRIGATION_RECORD ("DATE", IRRIGATION_DONE, FK_CROP, FK_PARCEL) VALUES ('2003-01-19', 6.1, 13, 1);
INSERT INTO IRRIGATION_RECORD ("DATE", IRRIGATION_DONE, FK_CROP, FK_PARCEL) VALUES ('2003-01-20', 7.5, 13, 1);
INSERT INTO IRRIGATION_RECORD ("DATE", IRRIGATION_DONE, FK_CROP, FK_PARCEL) VALUES ('2003-01-21', 3, 13, 1);
INSERT INTO IRRIGATION_RECORD ("DATE", IRRIGATION_DONE, FK_CROP, FK_PARCEL) VALUES ('2003-02-17', 5.5, 13, 1);
INSERT INTO IRRIGATION_RECORD ("DATE", IRRIGATION_DONE, FK_CROP, FK_PARCEL) VALUES ('2003-02-18', 7.5, 13, 1);
INSERT INTO IRRIGATION_RECORD ("DATE", IRRIGATION_DONE, FK_CROP, FK_PARCEL) VALUES ('2003-02-19', 8.4, 13, 1);
INSERT INTO IRRIGATION_RECORD ("DATE", IRRIGATION_DONE, FK_CROP, FK_PARCEL) VALUES ('2003-02-20', 3, 13, 1);
INSERT INTO IRRIGATION_RECORD ("DATE", IRRIGATION_DONE, FK_CROP, FK_PARCEL) VALUES ('2003-02-21', 2, 13, 1);
INSERT INTO IRRIGATION_RECORD ("DATE", IRRIGATION_DONE, FK_CROP, FK_PARCEL) VALUES ('2003-02-22', 1, 13, 1);
INSERT INTO IRRIGATION_RECORD ("DATE", IRRIGATION_DONE, FK_CROP, FK_PARCEL) VALUES ('2003-02-23', 0.9, 13, 1);
INSERT INTO IRRIGATION_RECORD ("DATE", IRRIGATION_DONE, FK_CROP, FK_PARCEL) VALUES ('2003-02-24', 1.9, 13, 1);
INSERT INTO IRRIGATION_RECORD ("DATE", IRRIGATION_DONE, FK_CROP, FK_PARCEL) VALUES ('2003-02-25', 2.5, 13, 1);
INSERT INTO IRRIGATION_RECORD ("DATE", IRRIGATION_DONE, FK_CROP, FK_PARCEL) VALUES ('2003-02-26', 3.9, 13, 1);
INSERT INTO IRRIGATION_RECORD ("DATE", IRRIGATION_DONE, FK_CROP, FK_PARCEL) VALUES ('2004-04-02', 4, 13, 1);
INSERT INTO IRRIGATION_RECORD ("DATE", IRRIGATION_DONE, FK_CROP, FK_PARCEL) VALUES ('2004-04-03', 4.9, 13, 1);
INSERT INTO IRRIGATION_RECORD ("DATE", IRRIGATION_DONE, FK_CROP, FK_PARCEL) VALUES ('2004-04-04', 4, 13, 1);
INSERT INTO IRRIGATION_RECORD ("DATE", IRRIGATION_DONE, FK_CROP, FK_PARCEL) VALUES ('2004-04-05', 3, 13, 1);
INSERT INTO IRRIGATION_RECORD ("DATE", IRRIGATION_DONE, FK_CROP, FK_PARCEL) VALUES ('2004-04-06', 2, 13, 1);
INSERT INTO IRRIGATION_RECORD ("DATE", IRRIGATION_DONE, FK_CROP, FK_PARCEL) VALUES ('2004-04-07', 1, 13, 1);
INSERT INTO IRRIGATION_RECORD ("DATE", IRRIGATION_DONE, FK_CROP, FK_PARCEL) VALUES ('2004-04-08', 1.4, 13, 1);
INSERT INTO IRRIGATION_RECORD ("DATE", IRRIGATION_DONE, FK_CROP, FK_PARCEL) VALUES ('2004-05-06', 4.5, 13, 1);
INSERT INTO IRRIGATION_RECORD ("DATE", IRRIGATION_DONE, FK_CROP, FK_PARCEL) VALUES ('2004-05-07', 8.5, 13, 1);
INSERT INTO IRRIGATION_RECORD ("DATE", IRRIGATION_DONE, FK_CROP, FK_PARCEL) VALUES ('2004-05-08', 5, 13, 1);
INSERT INTO IRRIGATION_RECORD ("DATE", IRRIGATION_DONE, FK_CROP, FK_PARCEL) VALUES ('2004-05-09', 4, 13, 1);
INSERT INTO IRRIGATION_RECORD ("DATE", IRRIGATION_DONE, FK_CROP, FK_PARCEL) VALUES ('2004-05-10', 3.5, 13, 1);
INSERT INTO IRRIGATION_RECORD ("DATE", IRRIGATION_DONE, FK_CROP, FK_PARCEL) VALUES ('2004-05-11', 2.5, 13, 1);
INSERT INTO IRRIGATION_RECORD ("DATE", IRRIGATION_DONE, FK_CROP, FK_PARCEL) VALUES ('2004-05-12', 1.5, 13, 1);
INSERT INTO IRRIGATION_RECORD ("DATE", IRRIGATION_DONE, FK_CROP, FK_PARCEL) VALUES ('2004-05-13', 3, 13, 1);
INSERT INTO IRRIGATION_RECORD ("DATE", IRRIGATION_DONE, FK_CROP, FK_PARCEL) VALUES ('2004-05-14', 2, 13, 1);
INSERT INTO IRRIGATION_RECORD ("DATE", IRRIGATION_DONE, FK_CROP, FK_PARCEL) VALUES ('2004-05-15', 1, 13, 1);
INSERT INTO IRRIGATION_RECORD ("DATE", IRRIGATION_DONE, FK_CROP, FK_PARCEL) VALUES ('2005-04-12', 6, 13, 1);
INSERT INTO IRRIGATION_RECORD ("DATE", IRRIGATION_DONE, FK_CROP, FK_PARCEL) VALUES ('2005-04-13', 6.5, 13, 1);
INSERT INTO IRRIGATION_RECORD ("DATE", IRRIGATION_DONE, FK_CROP, FK_PARCEL) VALUES ('2005-04-14', 5, 13, 1);
INSERT INTO IRRIGATION_RECORD ("DATE", IRRIGATION_DONE, FK_CROP, FK_PARCEL) VALUES ('2005-04-15', 4, 13, 1);
INSERT INTO IRRIGATION_RECORD ("DATE", IRRIGATION_DONE, FK_CROP, FK_PARCEL) VALUES ('2005-04-16', 3, 13, 1);
INSERT INTO IRRIGATION_RECORD ("DATE", IRRIGATION_DONE, FK_CROP, FK_PARCEL) VALUES ('2005-04-17', 2, 13, 1);
INSERT INTO IRRIGATION_RECORD ("DATE", IRRIGATION_DONE, FK_CROP, FK_PARCEL) VALUES ('2005-04-18', 1, 13, 1);
INSERT INTO IRRIGATION_RECORD ("DATE", IRRIGATION_DONE, FK_CROP, FK_PARCEL) VALUES ('2005-04-19', 1.5, 13, 1);
INSERT INTO IRRIGATION_RECORD ("DATE", IRRIGATION_DONE, FK_CROP, FK_PARCEL) VALUES ('2005-04-20', 0.5, 13, 1);
INSERT INTO IRRIGATION_RECORD ("DATE", IRRIGATION_DONE, FK_CROP, FK_PARCEL) VALUES ('2005-06-14', 7, 13, 1);
INSERT INTO IRRIGATION_RECORD ("DATE", IRRIGATION_DONE, FK_CROP, FK_PARCEL) VALUES ('2005-06-15', 7, 13, 1);
INSERT INTO IRRIGATION_RECORD ("DATE", IRRIGATION_DONE, FK_CROP, FK_PARCEL) VALUES ('2005-06-16', 2, 13, 1);
INSERT INTO IRRIGATION_RECORD ("DATE", IRRIGATION_DONE, FK_CROP, FK_PARCEL) VALUES ('2005-06-17', 1, 13, 1);
INSERT INTO IRRIGATION_RECORD ("DATE", IRRIGATION_DONE, FK_CROP, FK_PARCEL) VALUES ('2005-06-18', 4, 13, 1);
INSERT INTO IRRIGATION_RECORD ("DATE", IRRIGATION_DONE, FK_CROP, FK_PARCEL) VALUES ('2005-06-19', 5, 13, 1);
INSERT INTO IRRIGATION_RECORD ("DATE", IRRIGATION_DONE, FK_CROP, FK_PARCEL) VALUES ('2005-06-20', 6, 13, 1);
INSERT INTO IRRIGATION_RECORD ("DATE", IRRIGATION_DONE, FK_CROP, FK_PARCEL) VALUES ('2006-07-21', 1.3, 13, 1);
INSERT INTO IRRIGATION_RECORD ("DATE", IRRIGATION_DONE, FK_CROP, FK_PARCEL) VALUES ('2006-07-22', 2, 13, 1);
INSERT INTO IRRIGATION_RECORD ("DATE", IRRIGATION_DONE, FK_CROP, FK_PARCEL) VALUES ('2006-07-23', 3, 13, 1);
INSERT INTO IRRIGATION_RECORD ("DATE", IRRIGATION_DONE, FK_CROP, FK_PARCEL) VALUES ('2006-07-24', 4, 13, 1);
INSERT INTO IRRIGATION_RECORD ("DATE", IRRIGATION_DONE, FK_CROP, FK_PARCEL) VALUES ('2006-07-25', 5, 13, 1);
INSERT INTO IRRIGATION_RECORD ("DATE", IRRIGATION_DONE, FK_CROP, FK_PARCEL) VALUES ('2006-07-26', 6, 13, 1);
INSERT INTO IRRIGATION_RECORD ("DATE", IRRIGATION_DONE, FK_CROP, FK_PARCEL) VALUES ('2007-02-11', 1.5, 8, 1);
INSERT INTO IRRIGATION_RECORD ("DATE", IRRIGATION_DONE, FK_CROP, FK_PARCEL) VALUES ('2007-02-12', 2, 8, 1);
INSERT INTO IRRIGATION_RECORD ("DATE", IRRIGATION_DONE, FK_CROP, FK_PARCEL) VALUES ('2007-02-13', 1.5, 8, 1);
INSERT INTO IRRIGATION_RECORD ("DATE", IRRIGATION_DONE, FK_CROP, FK_PARCEL) VALUES ('2007-02-14', 5.5, 8, 1);
INSERT INTO IRRIGATION_RECORD ("DATE", IRRIGATION_DONE, FK_CROP, FK_PARCEL) VALUES ('2007-02-15', 5, 8, 1);
INSERT INTO IRRIGATION_RECORD ("DATE", IRRIGATION_DONE, FK_CROP, FK_PARCEL) VALUES ('2007-02-16', 1.5, 8, 1);
INSERT INTO IRRIGATION_RECORD ("DATE", IRRIGATION_DONE, FK_CROP, FK_PARCEL) VALUES ('2007-02-17', 3.5, 8, 1);
INSERT INTO IRRIGATION_RECORD ("DATE", IRRIGATION_DONE, FK_CROP, FK_PARCEL) VALUES ('2007-02-18', 4.5, 8, 1);
INSERT INTO IRRIGATION_RECORD ("DATE", IRRIGATION_DONE, FK_CROP, FK_PARCEL) VALUES ('2007-02-19', 7.5, 8, 1);
INSERT INTO IRRIGATION_RECORD ("DATE", IRRIGATION_DONE, FK_CROP, FK_PARCEL) VALUES ('2007-02-20', 8, 8, 1);
INSERT INTO IRRIGATION_RECORD ("DATE", IRRIGATION_DONE, FK_CROP, FK_PARCEL) VALUES ('2007-02-21', 9, 8, 1);
INSERT INTO IRRIGATION_RECORD ("DATE", IRRIGATION_DONE, FK_CROP, FK_PARCEL) VALUES ('2007-02-22', 2, 8, 1);
INSERT INTO IRRIGATION_RECORD ("DATE", IRRIGATION_DONE, FK_CROP, FK_PARCEL) VALUES ('2007-02-23', 1, 8, 1);
INSERT INTO IRRIGATION_RECORD ("DATE", IRRIGATION_DONE, FK_CROP, FK_PARCEL) VALUES ('2007-03-22', 2.3, 8, 1);
INSERT INTO IRRIGATION_RECORD ("DATE", IRRIGATION_DONE, FK_CROP, FK_PARCEL) VALUES ('2007-03-23', 4.3, 8, 1);
INSERT INTO IRRIGATION_RECORD ("DATE", IRRIGATION_DONE, FK_CROP, FK_PARCEL) VALUES ('2007-03-24', 5.3, 8, 1);
INSERT INTO IRRIGATION_RECORD ("DATE", IRRIGATION_DONE, FK_CROP, FK_PARCEL) VALUES ('2007-03-25', 2.3, 8, 1);
INSERT INTO IRRIGATION_RECORD ("DATE", IRRIGATION_DONE, FK_CROP, FK_PARCEL) VALUES ('2007-03-26', 1, 8, 1);
INSERT INTO IRRIGATION_RECORD ("DATE", IRRIGATION_DONE, FK_CROP, FK_PARCEL) VALUES ('2007-03-27', 2.2, 8, 1);
INSERT INTO IRRIGATION_RECORD ("DATE", IRRIGATION_DONE, FK_CROP, FK_PARCEL) VALUES ('2007-04-24', 3.3, 7, 1);
INSERT INTO IRRIGATION_RECORD ("DATE", IRRIGATION_DONE, FK_CROP, FK_PARCEL) VALUES ('2007-04-25', 2.5, 7, 1);
INSERT INTO IRRIGATION_RECORD ("DATE", IRRIGATION_DONE, FK_CROP, FK_PARCEL) VALUES ('2007-04-26', 3.5, 7, 1);
INSERT INTO IRRIGATION_RECORD ("DATE", IRRIGATION_DONE, FK_CROP, FK_PARCEL) VALUES ('2007-04-27', 4.3, 7, 1);
INSERT INTO IRRIGATION_RECORD ("DATE", IRRIGATION_DONE, FK_CROP, FK_PARCEL) VALUES ('2007-04-28', 2, 7, 1);
INSERT INTO IRRIGATION_RECORD ("DATE", IRRIGATION_DONE, FK_CROP, FK_PARCEL) VALUES ('2008-05-24', 4, 7, 1);
INSERT INTO IRRIGATION_RECORD ("DATE", IRRIGATION_DONE, FK_CROP, FK_PARCEL) VALUES ('2008-06-25', 5, 7, 1);
INSERT INTO IRRIGATION_RECORD ("DATE", IRRIGATION_DONE, FK_CROP, FK_PARCEL) VALUES ('2008-07-27', 4.5, 10, 1);
INSERT INTO IRRIGATION_RECORD ("DATE", IRRIGATION_DONE, FK_CROP, FK_PARCEL) VALUES ('2008-07-28', 2.3, 10, 1);
INSERT INTO IRRIGATION_RECORD ("DATE", IRRIGATION_DONE, FK_CROP, FK_PARCEL) VALUES ('2008-08-01', 4.4, 10, 1);
INSERT INTO IRRIGATION_RECORD ("DATE", IRRIGATION_DONE, FK_CROP, FK_PARCEL) VALUES ('2008-08-02', 5.1, 10, 1);
INSERT INTO IRRIGATION_RECORD ("DATE", IRRIGATION_DONE, FK_CROP, FK_PARCEL) VALUES ('2008-08-03', 3.5, 10, 1);
INSERT INTO IRRIGATION_RECORD ("DATE", IRRIGATION_DONE, FK_CROP, FK_PARCEL) VALUES ('2008-08-04', 4, 10, 1);
INSERT INTO IRRIGATION_RECORD ("DATE", IRRIGATION_DONE, FK_CROP, FK_PARCEL) VALUES ('2008-08-05', 5.5, 10, 1);
INSERT INTO IRRIGATION_RECORD ("DATE", IRRIGATION_DONE, FK_CROP, FK_PARCEL) VALUES ('2008-08-06', 5.9, 10, 1);
INSERT INTO IRRIGATION_RECORD ("DATE", IRRIGATION_DONE, FK_CROP, FK_PARCEL) VALUES ('2008-08-07', 6, 10, 1);
INSERT INTO IRRIGATION_RECORD ("DATE", IRRIGATION_DONE, FK_CROP, FK_PARCEL) VALUES ('2008-08-08', 7, 10, 1);
INSERT INTO IRRIGATION_RECORD ("DATE", IRRIGATION_DONE, FK_CROP, FK_PARCEL) VALUES ('2008-08-09', 8, 10, 1);
INSERT INTO IRRIGATION_RECORD ("DATE", IRRIGATION_DONE, FK_CROP, FK_PARCEL) VALUES ('2008-08-10', 8.5, 10, 1);
INSERT INTO IRRIGATION_RECORD ("DATE", IRRIGATION_DONE, FK_CROP, FK_PARCEL) VALUES ('2008-08-11', 2, 10, 1);
INSERT INTO IRRIGATION_RECORD ("DATE", IRRIGATION_DONE, FK_CROP, FK_PARCEL) VALUES ('2009-01-21', 6, 14, 1);
INSERT INTO IRRIGATION_RECORD ("DATE", IRRIGATION_DONE, FK_CROP, FK_PARCEL) VALUES ('2009-01-22', 2, 14, 1);
INSERT INTO IRRIGATION_RECORD ("DATE", IRRIGATION_DONE, FK_CROP, FK_PARCEL) VALUES ('2009-01-23', 4, 14, 1);
INSERT INTO IRRIGATION_RECORD ("DATE", IRRIGATION_DONE, FK_CROP, FK_PARCEL) VALUES ('2009-01-24', 5, 14, 1);
INSERT INTO IRRIGATION_RECORD ("DATE", IRRIGATION_DONE, FK_CROP, FK_PARCEL) VALUES ('2009-01-25', 1, 14, 1);
INSERT INTO IRRIGATION_RECORD ("DATE", IRRIGATION_DONE, FK_CROP, FK_PARCEL) VALUES ('2009-01-26', 0.2, 14, 1);
INSERT INTO IRRIGATION_RECORD ("DATE", IRRIGATION_DONE, FK_CROP, FK_PARCEL) VALUES ('2009-01-27', 0.5, 14, 1);
INSERT INTO IRRIGATION_RECORD ("DATE", IRRIGATION_DONE, FK_CROP, FK_PARCEL) VALUES ('2009-02-22', 2.6, 14, 1);
INSERT INTO IRRIGATION_RECORD ("DATE", IRRIGATION_DONE, FK_CROP, FK_PARCEL) VALUES ('2009-02-23', 3.6, 14, 1);
INSERT INTO IRRIGATION_RECORD ("DATE", IRRIGATION_DONE, FK_CROP, FK_PARCEL) VALUES ('2009-02-24', 4.6, 14, 1);
INSERT INTO IRRIGATION_RECORD ("DATE", IRRIGATION_DONE, FK_CROP, FK_PARCEL) VALUES ('2009-02-25', 5.6, 14, 1);
INSERT INTO IRRIGATION_RECORD ("DATE", IRRIGATION_DONE, FK_CROP, FK_PARCEL) VALUES ('2009-02-26', 1.6, 14, 1);
INSERT INTO IRRIGATION_RECORD ("DATE", IRRIGATION_DONE, FK_CROP, FK_PARCEL) VALUES ('2009-03-14', 3.4, 14, 1);
INSERT INTO IRRIGATION_RECORD ("DATE", IRRIGATION_DONE, FK_CROP, FK_PARCEL) VALUES ('2009-03-15', 3.9, 14, 1);
INSERT INTO IRRIGATION_RECORD ("DATE", IRRIGATION_DONE, FK_CROP, FK_PARCEL) VALUES ('2009-03-16', 2.2, 14, 1);
INSERT INTO IRRIGATION_RECORD ("DATE", IRRIGATION_DONE, FK_CROP, FK_PARCEL) VALUES ('2009-03-17', 2.1, 14, 1);
INSERT INTO IRRIGATION_RECORD ("DATE", IRRIGATION_DONE, FK_CROP, FK_PARCEL) VALUES ('2009-03-18', 0.5, 14, 1);
INSERT INTO IRRIGATION_RECORD ("DATE", IRRIGATION_DONE, FK_CROP, FK_PARCEL) VALUES ('2009-03-19', 3, 14, 1);
INSERT INTO IRRIGATION_RECORD ("DATE", IRRIGATION_DONE, FK_CROP, FK_PARCEL) VALUES ('2009-03-20', 4, 14, 1);
INSERT INTO IRRIGATION_RECORD ("DATE", IRRIGATION_DONE, FK_CROP, FK_PARCEL) VALUES ('2009-04-05', 5, 14, 1);
INSERT INTO IRRIGATION_RECORD ("DATE", IRRIGATION_DONE, FK_CROP, FK_PARCEL) VALUES ('2009-04-06', 5, 14, 1);
INSERT INTO IRRIGATION_RECORD ("DATE", IRRIGATION_DONE, FK_CROP, FK_PARCEL) VALUES ('2009-04-07', 1, 14, 1);
INSERT INTO IRRIGATION_RECORD ("DATE", IRRIGATION_DONE, FK_CROP, FK_PARCEL) VALUES ('2009-04-08', 2, 14, 1);
INSERT INTO IRRIGATION_RECORD ("DATE", IRRIGATION_DONE, FK_CROP, FK_PARCEL) VALUES ('2009-04-09', 4, 14, 1);
INSERT INTO IRRIGATION_RECORD ("DATE", IRRIGATION_DONE, FK_CROP, FK_PARCEL) VALUES ('2009-04-10', 7, 14, 1);
INSERT INTO IRRIGATION_RECORD ("DATE", IRRIGATION_DONE, FK_CROP, FK_PARCEL) VALUES ('2009-04-11', 1.5, 14, 1);
INSERT INTO IRRIGATION_RECORD ("DATE", IRRIGATION_DONE, FK_CROP, FK_PARCEL) VALUES ('2009-05-09', 1, 14, 1);
INSERT INTO IRRIGATION_RECORD ("DATE", IRRIGATION_DONE, FK_CROP, FK_PARCEL) VALUES ('2009-05-10', 1.5, 14, 1);
INSERT INTO IRRIGATION_RECORD ("DATE", IRRIGATION_DONE, FK_CROP, FK_PARCEL) VALUES ('2009-05-11', 2.5, 14, 1);
INSERT INTO IRRIGATION_RECORD ("DATE", IRRIGATION_DONE, FK_CROP, FK_PARCEL) VALUES ('2009-05-12', 3.4, 14, 1);
INSERT INTO IRRIGATION_RECORD ("DATE", IRRIGATION_DONE, FK_CROP, FK_PARCEL) VALUES ('2009-05-13', 4, 14, 1);
INSERT INTO IRRIGATION_RECORD ("DATE", IRRIGATION_DONE, FK_CROP, FK_PARCEL) VALUES ('2009-05-14', 5, 14, 1);
INSERT INTO IRRIGATION_RECORD ("DATE", IRRIGATION_DONE, FK_CROP, FK_PARCEL) VALUES ('2009-05-15', 6, 14, 1);
INSERT INTO IRRIGATION_RECORD ("DATE", IRRIGATION_DONE, FK_CROP, FK_PARCEL) VALUES ('2009-06-11', 2, 14, 1);
INSERT INTO IRRIGATION_RECORD ("DATE", IRRIGATION_DONE, FK_CROP, FK_PARCEL) VALUES ('2009-06-12', 5, 14, 1);
INSERT INTO IRRIGATION_RECORD ("DATE", IRRIGATION_DONE, FK_CROP, FK_PARCEL) VALUES ('2009-06-13', 4, 14, 1);
INSERT INTO IRRIGATION_RECORD ("DATE", IRRIGATION_DONE, FK_CROP, FK_PARCEL) VALUES ('2009-06-14', 3, 14, 1);
INSERT INTO IRRIGATION_RECORD ("DATE", IRRIGATION_DONE, FK_CROP, FK_PARCEL) VALUES ('2009-06-15', 2, 14, 1);
INSERT INTO IRRIGATION_RECORD ("DATE", IRRIGATION_DONE, FK_CROP, FK_PARCEL) VALUES ('2009-06-16', 2, 14, 1);
INSERT INTO IRRIGATION_RECORD ("DATE", IRRIGATION_DONE, FK_CROP, FK_PARCEL) VALUES ('2009-06-17', 1, 14, 1);
INSERT INTO IRRIGATION_RECORD ("DATE", IRRIGATION_DONE, FK_CROP, FK_PARCEL) VALUES ('2009-06-18', 1.5, 14, 1);
INSERT INTO IRRIGATION_RECORD ("DATE", IRRIGATION_DONE, FK_CROP, FK_PARCEL) VALUES ('2009-06-19', 2.9, 14, 1);
INSERT INTO IRRIGATION_RECORD ("DATE", IRRIGATION_DONE, FK_CROP, FK_PARCEL) VALUES ('2009-07-01', 3, 14, 1);
INSERT INTO IRRIGATION_RECORD ("DATE", IRRIGATION_DONE, FK_CROP, FK_PARCEL) VALUES ('2009-07-02', 3, 14, 1);
INSERT INTO IRRIGATION_RECORD ("DATE", IRRIGATION_DONE, FK_CROP, FK_PARCEL) VALUES ('2009-07-03', 4, 14, 1);
INSERT INTO IRRIGATION_RECORD ("DATE", IRRIGATION_DONE, FK_CROP, FK_PARCEL) VALUES ('2009-07-04', 5, 14, 1);
INSERT INTO IRRIGATION_RECORD ("DATE", IRRIGATION_DONE, FK_CROP, FK_PARCEL) VALUES ('2009-07-05', 1, 14, 1);
INSERT INTO IRRIGATION_RECORD ("DATE", IRRIGATION_DONE, FK_CROP, FK_PARCEL) VALUES ('2009-07-06', 2, 14, 1);
INSERT INTO IRRIGATION_RECORD ("DATE", IRRIGATION_DONE, FK_CROP, FK_PARCEL) VALUES ('2009-07-07', 8, 14, 1);
INSERT INTO IRRIGATION_RECORD ("DATE", IRRIGATION_DONE, FK_CROP, FK_PARCEL) VALUES ('2009-08-27', 4, 14, 1);
INSERT INTO IRRIGATION_RECORD ("DATE", IRRIGATION_DONE, FK_CROP, FK_PARCEL) VALUES ('2009-09-28', 5.5, 14, 1);
INSERT INTO IRRIGATION_RECORD ("DATE", IRRIGATION_DONE, FK_CROP, FK_PARCEL) VALUES ('2009-10-19', 4.2, 14, 1);
INSERT INTO IRRIGATION_RECORD ("DATE", IRRIGATION_DONE, FK_CROP, FK_PARCEL) VALUES ('2009-10-20', 4, 14, 1);
INSERT INTO IRRIGATION_RECORD ("DATE", IRRIGATION_DONE, FK_CROP, FK_PARCEL) VALUES ('2009-10-21', 5.2, 14, 1);
INSERT INTO IRRIGATION_RECORD ("DATE", IRRIGATION_DONE, FK_CROP, FK_PARCEL) VALUES ('2009-10-22', 1, 14, 1);
INSERT INTO IRRIGATION_RECORD ("DATE", IRRIGATION_DONE, FK_CROP, FK_PARCEL) VALUES ('2009-10-23', 2, 14, 1);
INSERT INTO IRRIGATION_RECORD ("DATE", IRRIGATION_DONE, FK_CROP, FK_PARCEL) VALUES ('2009-10-24', 3, 14, 1);
INSERT INTO IRRIGATION_RECORD ("DATE", IRRIGATION_DONE, FK_CROP, FK_PARCEL) VALUES ('2009-10-25', 1.5, 14, 1);
INSERT INTO IRRIGATION_RECORD ("DATE", IRRIGATION_DONE, FK_CROP, FK_PARCEL) VALUES ('2010-01-19', 4.2, 17, 1);
INSERT INTO IRRIGATION_RECORD ("DATE", IRRIGATION_DONE, FK_CROP, FK_PARCEL) VALUES ('2010-01-20', 6, 17, 1);
INSERT INTO IRRIGATION_RECORD ("DATE", IRRIGATION_DONE, FK_CROP, FK_PARCEL) VALUES ('2010-01-21', 7, 17, 1);
INSERT INTO IRRIGATION_RECORD ("DATE", IRRIGATION_DONE, FK_CROP, FK_PARCEL) VALUES ('2010-01-22', 4.4, 17, 1);
INSERT INTO IRRIGATION_RECORD ("DATE", IRRIGATION_DONE, FK_CROP, FK_PARCEL) VALUES ('2010-01-23', 5.1, 17, 1);
INSERT INTO IRRIGATION_RECORD ("DATE", IRRIGATION_DONE, FK_CROP, FK_PARCEL) VALUES ('2010-01-24', 6.9, 17, 1);
INSERT INTO IRRIGATION_RECORD ("DATE", IRRIGATION_DONE, FK_CROP, FK_PARCEL) VALUES ('2010-02-15', 3.4, 17, 1);
INSERT INTO IRRIGATION_RECORD ("DATE", IRRIGATION_DONE, FK_CROP, FK_PARCEL) VALUES ('2010-02-16', 1.4, 17, 1);
INSERT INTO IRRIGATION_RECORD ("DATE", IRRIGATION_DONE, FK_CROP, FK_PARCEL) VALUES ('2010-02-17', 2.5, 17, 1);
INSERT INTO IRRIGATION_RECORD ("DATE", IRRIGATION_DONE, FK_CROP, FK_PARCEL) VALUES ('2010-02-18', 3.3, 17, 1);
INSERT INTO IRRIGATION_RECORD ("DATE", IRRIGATION_DONE, FK_CROP, FK_PARCEL) VALUES ('2010-02-19', 4.9, 17, 1);
INSERT INTO IRRIGATION_RECORD ("DATE", IRRIGATION_DONE, FK_CROP, FK_PARCEL) VALUES ('2010-02-20', 5, 17, 1);
INSERT INTO IRRIGATION_RECORD ("DATE", IRRIGATION_DONE, FK_CROP, FK_PARCEL) VALUES ('2010-02-21', 6, 17, 1);
INSERT INTO IRRIGATION_RECORD ("DATE", IRRIGATION_DONE, FK_CROP, FK_PARCEL) VALUES ('2010-02-22', 7, 17, 1);
INSERT INTO IRRIGATION_RECORD ("DATE", IRRIGATION_DONE, FK_CROP, FK_PARCEL) VALUES ('2010-02-23', 1.2, 17, 1);
INSERT INTO IRRIGATION_RECORD ("DATE", IRRIGATION_DONE, FK_CROP, FK_PARCEL) VALUES ('2010-03-12', 2.3, 17, 1);
INSERT INTO IRRIGATION_RECORD ("DATE", IRRIGATION_DONE, FK_CROP, FK_PARCEL) VALUES ('2010-04-15', 1.5, 17, 1);
INSERT INTO IRRIGATION_RECORD ("DATE", IRRIGATION_DONE, FK_CROP, FK_PARCEL) VALUES ('2010-05-21', 5, 17, 1);
INSERT INTO IRRIGATION_RECORD ("DATE", IRRIGATION_DONE, FK_CROP, FK_PARCEL) VALUES ('2010-06-22', 6, 17, 1);
INSERT INTO IRRIGATION_RECORD ("DATE", IRRIGATION_DONE, FK_CROP, FK_PARCEL) VALUES ('2010-07-25', 7, 17, 1);
INSERT INTO IRRIGATION_RECORD ("DATE", IRRIGATION_DONE, FK_CROP, FK_PARCEL) VALUES ('2010-08-01', 1.2, 17, 1);
INSERT INTO IRRIGATION_RECORD ("DATE", IRRIGATION_DONE, FK_CROP, FK_PARCEL) VALUES ('2010-09-05', 2.3, 17, 1);
INSERT INTO IRRIGATION_RECORD ("DATE", IRRIGATION_DONE, FK_CROP, FK_PARCEL) VALUES ('2011-03-26', 4.3, 17, 1);
INSERT INTO IRRIGATION_RECORD ("DATE", IRRIGATION_DONE, FK_CROP, FK_PARCEL) VALUES ('2011-03-27', 4, 17, 1);
INSERT INTO IRRIGATION_RECORD ("DATE", IRRIGATION_DONE, FK_CROP, FK_PARCEL) VALUES ('2011-03-28', 5, 17, 1);
INSERT INTO IRRIGATION_RECORD ("DATE", IRRIGATION_DONE, FK_CROP, FK_PARCEL) VALUES ('2011-03-29', 2.5, 17, 1);
INSERT INTO IRRIGATION_RECORD ("DATE", IRRIGATION_DONE, FK_CROP, FK_PARCEL) VALUES ('2011-04-01', 5.5, 17, 1);
INSERT INTO IRRIGATION_RECORD ("DATE", IRRIGATION_DONE, FK_CROP, FK_PARCEL) VALUES ('2011-04-02', 5, 17, 1);
INSERT INTO IRRIGATION_RECORD ("DATE", IRRIGATION_DONE, FK_CROP, FK_PARCEL) VALUES ('2011-04-03', 2, 17, 1);
INSERT INTO IRRIGATION_RECORD ("DATE", IRRIGATION_DONE, FK_CROP, FK_PARCEL) VALUES ('2011-04-04', 1, 17, 1);
INSERT INTO IRRIGATION_RECORD ("DATE", IRRIGATION_DONE, FK_CROP, FK_PARCEL) VALUES ('2011-04-05', 1.5, 17, 1);
INSERT INTO IRRIGATION_RECORD ("DATE", IRRIGATION_DONE, FK_CROP, FK_PARCEL) VALUES ('2011-04-06', 1.2, 17, 1);
INSERT INTO IRRIGATION_RECORD ("DATE", IRRIGATION_DONE, FK_CROP, FK_PARCEL) VALUES ('2011-04-07', 3, 17, 1);
INSERT INTO IRRIGATION_RECORD ("DATE", IRRIGATION_DONE, FK_CROP, FK_PARCEL) VALUES ('2011-04-08', 4, 17, 1);
INSERT INTO IRRIGATION_RECORD ("DATE", IRRIGATION_DONE, FK_CROP, FK_PARCEL) VALUES ('2011-04-09', 2, 17, 1);
INSERT INTO IRRIGATION_RECORD ("DATE", IRRIGATION_DONE, FK_CROP, FK_PARCEL) VALUES ('2011-04-10', 2.2, 17, 1);
INSERT INTO IRRIGATION_RECORD ("DATE", IRRIGATION_DONE, FK_CROP, FK_PARCEL) VALUES ('2011-04-11', 3.2, 17, 1);
INSERT INTO IRRIGATION_RECORD ("DATE", IRRIGATION_DONE, FK_CROP, FK_PARCEL) VALUES ('2011-04-12', 4.2, 17, 1);
INSERT INTO IRRIGATION_RECORD ("DATE", IRRIGATION_DONE, FK_CROP, FK_PARCEL) VALUES ('2011-04-13', 5.2, 17, 1);
INSERT INTO IRRIGATION_RECORD ("DATE", IRRIGATION_DONE, FK_CROP, FK_PARCEL) VALUES ('2011-04-14', 6, 17, 1);
INSERT INTO IRRIGATION_RECORD ("DATE", IRRIGATION_DONE, FK_CROP, FK_PARCEL) VALUES ('2011-04-15', 7, 17, 1);
INSERT INTO IRRIGATION_RECORD ("DATE", IRRIGATION_DONE, FK_CROP, FK_PARCEL) VALUES ('2011-04-16', 2, 17, 1);
INSERT INTO IRRIGATION_RECORD ("DATE", IRRIGATION_DONE, FK_CROP, FK_PARCEL) VALUES ('2011-04-17', 4, 17, 1);
INSERT INTO IRRIGATION_RECORD ("DATE", IRRIGATION_DONE, FK_CROP, FK_PARCEL) VALUES ('2011-04-18', 1, 17, 1);
INSERT INTO IRRIGATION_RECORD ("DATE", IRRIGATION_DONE, FK_CROP, FK_PARCEL) VALUES ('2011-04-19', 3, 17, 1);
INSERT INTO IRRIGATION_RECORD ("DATE", IRRIGATION_DONE, FK_CROP, FK_PARCEL) VALUES ('2011-04-20', 8, 17, 1);
INSERT INTO IRRIGATION_RECORD ("DATE", IRRIGATION_DONE, FK_CROP, FK_PARCEL) VALUES ('2011-04-21', 2, 17, 1);
INSERT INTO IRRIGATION_RECORD ("DATE", IRRIGATION_DONE, FK_CROP, FK_PARCEL) VALUES ('2011-04-22', 1.2, 17, 1);
INSERT INTO IRRIGATION_RECORD ("DATE", IRRIGATION_DONE, FK_CROP, FK_PARCEL) VALUES ('2011-04-23', 1.3, 17, 1);
INSERT INTO IRRIGATION_RECORD ("DATE", IRRIGATION_DONE, FK_CROP, FK_PARCEL) VALUES ('2011-04-24', 0.5, 17, 1);
INSERT INTO IRRIGATION_RECORD ("DATE", IRRIGATION_DONE, FK_CROP, FK_PARCEL) VALUES ('2011-04-25', 4, 17, 1);
INSERT INTO IRRIGATION_RECORD ("DATE", IRRIGATION_DONE, FK_CROP, FK_PARCEL) VALUES ('2011-04-26', 1, 17, 1);
INSERT INTO IRRIGATION_RECORD ("DATE", IRRIGATION_DONE, FK_CROP, FK_PARCEL) VALUES ('2011-04-27', 2, 17, 1);
INSERT INTO IRRIGATION_RECORD ("DATE", IRRIGATION_DONE, FK_CROP, FK_PARCEL) VALUES ('2011-04-28', 3, 17, 1);
INSERT INTO IRRIGATION_RECORD ("DATE", IRRIGATION_DONE, FK_CROP, FK_PARCEL) VALUES ('2011-04-29', 2, 17, 1);
INSERT INTO IRRIGATION_RECORD ("DATE", IRRIGATION_DONE, FK_CROP, FK_PARCEL) VALUES ('2011-05-01', 3, 17, 1);
INSERT INTO IRRIGATION_RECORD ("DATE", IRRIGATION_DONE, FK_CROP, FK_PARCEL) VALUES ('2011-05-02', 2, 17, 1);
INSERT INTO IRRIGATION_RECORD ("DATE", IRRIGATION_DONE, FK_CROP, FK_PARCEL) VALUES ('2011-05-03', 1, 17, 1);
INSERT INTO IRRIGATION_RECORD ("DATE", IRRIGATION_DONE, FK_CROP, FK_PARCEL) VALUES ('2011-05-04', 1.5, 17, 1);
INSERT INTO IRRIGATION_RECORD ("DATE", IRRIGATION_DONE, FK_CROP, FK_PARCEL) VALUES ('2011-05-05', 2.2, 17, 1);
INSERT INTO IRRIGATION_RECORD ("DATE", IRRIGATION_DONE, FK_CROP, FK_PARCEL) VALUES ('2011-05-06', 1.2, 17, 1);
INSERT INTO IRRIGATION_RECORD ("DATE", IRRIGATION_DONE, FK_CROP, FK_PARCEL) VALUES ('2011-05-07', 4.2, 17, 1);
INSERT INTO IRRIGATION_RECORD ("DATE", IRRIGATION_DONE, FK_CROP, FK_PARCEL) VALUES ('2011-05-08', 5.2, 17, 1);
INSERT INTO IRRIGATION_RECORD ("DATE", IRRIGATION_DONE, FK_CROP, FK_PARCEL) VALUES ('2011-05-09', 2.2, 17, 1);
INSERT INTO IRRIGATION_RECORD ("DATE", IRRIGATION_DONE, FK_CROP, FK_PARCEL) VALUES ('2011-05-10', 8.2, 17, 1);
INSERT INTO IRRIGATION_RECORD ("DATE", IRRIGATION_DONE, FK_CROP, FK_PARCEL) VALUES ('2011-05-11', 2, 17, 1);
INSERT INTO IRRIGATION_RECORD ("DATE", IRRIGATION_DONE, FK_CROP, FK_PARCEL) VALUES ('2011-05-12', 3, 17, 1);
INSERT INTO IRRIGATION_RECORD ("DATE", IRRIGATION_DONE, FK_CROP, FK_PARCEL) VALUES ('2011-05-13', 1, 17, 1);
INSERT INTO IRRIGATION_RECORD ("DATE", IRRIGATION_DONE, FK_CROP, FK_PARCEL) VALUES ('2011-05-14', 1.2, 17, 1);
INSERT INTO IRRIGATION_RECORD ("DATE", IRRIGATION_DONE, FK_CROP, FK_PARCEL) VALUES ('2011-05-15', 2, 17, 1);
INSERT INTO IRRIGATION_RECORD ("DATE", IRRIGATION_DONE, FK_CROP, FK_PARCEL) VALUES ('2011-05-16', 3, 17, 1);
INSERT INTO IRRIGATION_RECORD ("DATE", IRRIGATION_DONE, FK_CROP, FK_PARCEL) VALUES ('2011-05-17', 5, 17, 1);
INSERT INTO IRRIGATION_RECORD ("DATE", IRRIGATION_DONE, FK_CROP, FK_PARCEL) VALUES ('2011-05-18', 6, 17, 1);
INSERT INTO IRRIGATION_RECORD ("DATE", IRRIGATION_DONE, FK_CROP, FK_PARCEL) VALUES ('2011-05-19', 1, 17, 1);
INSERT INTO IRRIGATION_RECORD ("DATE", IRRIGATION_DONE, FK_CROP, FK_PARCEL) VALUES ('2011-05-20', 2, 17, 1);
INSERT INTO IRRIGATION_RECORD ("DATE", IRRIGATION_DONE, FK_CROP, FK_PARCEL) VALUES ('2011-05-21', 1, 17, 1);
INSERT INTO IRRIGATION_RECORD ("DATE", IRRIGATION_DONE, FK_CROP, FK_PARCEL) VALUES ('2011-05-22', 3, 17, 1);
INSERT INTO IRRIGATION_RECORD ("DATE", IRRIGATION_DONE, FK_CROP, FK_PARCEL) VALUES ('2011-05-23', 5, 17, 1);
INSERT INTO IRRIGATION_RECORD ("DATE", IRRIGATION_DONE, FK_CROP, FK_PARCEL) VALUES ('2011-05-24', 6, 17, 1);
INSERT INTO IRRIGATION_RECORD ("DATE", IRRIGATION_DONE, FK_CROP, FK_PARCEL) VALUES ('2011-06-01', 1, 17, 1);
INSERT INTO IRRIGATION_RECORD ("DATE", IRRIGATION_DONE, FK_CROP, FK_PARCEL) VALUES ('2011-06-02', 2, 17, 1);
INSERT INTO IRRIGATION_RECORD ("DATE", IRRIGATION_DONE, FK_CROP, FK_PARCEL) VALUES ('2011-06-03', 6, 17, 1);
INSERT INTO IRRIGATION_RECORD ("DATE", IRRIGATION_DONE, FK_CROP, FK_PARCEL) VALUES ('2011-06-04', 2, 17, 1);
INSERT INTO IRRIGATION_RECORD ("DATE", IRRIGATION_DONE, FK_CROP, FK_PARCEL) VALUES ('2011-06-05', 4, 17, 1);
INSERT INTO IRRIGATION_RECORD ("DATE", IRRIGATION_DONE, FK_CROP, FK_PARCEL) VALUES ('2011-06-06', 3, 17, 1);
INSERT INTO IRRIGATION_RECORD ("DATE", IRRIGATION_DONE, FK_CROP, FK_PARCEL) VALUES ('2011-06-07', 3.5, 17, 1);
INSERT INTO IRRIGATION_RECORD ("DATE", IRRIGATION_DONE, FK_CROP, FK_PARCEL) VALUES ('2011-06-08', 2.5, 17, 1);
INSERT INTO IRRIGATION_RECORD ("DATE", IRRIGATION_DONE, FK_CROP, FK_PARCEL) VALUES ('2011-06-09', 1.8, 17, 1);
INSERT INTO IRRIGATION_RECORD ("DATE", IRRIGATION_DONE, FK_CROP, FK_PARCEL) VALUES ('2011-06-10', 1.1, 17, 1);
INSERT INTO IRRIGATION_RECORD ("DATE", IRRIGATION_DONE, FK_CROP, FK_PARCEL) VALUES ('2011-06-11', 2.2, 17, 1);
INSERT INTO IRRIGATION_RECORD ("DATE", IRRIGATION_DONE, FK_CROP, FK_PARCEL) VALUES ('2011-06-12', 3.5, 17, 1);
INSERT INTO IRRIGATION_RECORD ("DATE", IRRIGATION_DONE, FK_CROP, FK_PARCEL) VALUES ('2011-06-13', 2.5, 17, 1);
INSERT INTO IRRIGATION_RECORD ("DATE", IRRIGATION_DONE, FK_CROP, FK_PARCEL) VALUES ('2011-06-14', 3.5, 17, 1);
INSERT INTO IRRIGATION_RECORD ("DATE", IRRIGATION_DONE, FK_CROP, FK_PARCEL) VALUES ('2011-06-15', 4.5, 17, 1);
INSERT INTO IRRIGATION_RECORD ("DATE", IRRIGATION_DONE, FK_CROP, FK_PARCEL) VALUES ('2011-06-16', 5.5, 17, 1);
INSERT INTO IRRIGATION_RECORD ("DATE", IRRIGATION_DONE, FK_CROP, FK_PARCEL) VALUES ('2011-06-17', 1.5, 17, 1);
INSERT INTO IRRIGATION_RECORD ("DATE", IRRIGATION_DONE, FK_CROP, FK_PARCEL) VALUES ('2011-06-18', 5.5, 17, 1);
INSERT INTO IRRIGATION_RECORD ("DATE", IRRIGATION_DONE, FK_CROP, FK_PARCEL) VALUES ('2011-06-19', 4.5, 17, 1);
INSERT INTO IRRIGATION_RECORD ("DATE", IRRIGATION_DONE, FK_CROP, FK_PARCEL) VALUES ('2011-06-20', 3.5, 17, 1);
INSERT INTO IRRIGATION_RECORD ("DATE", IRRIGATION_DONE, FK_CROP, FK_PARCEL) VALUES ('2011-06-21', 2.5, 17, 1);
INSERT INTO IRRIGATION_RECORD ("DATE", IRRIGATION_DONE, FK_CROP, FK_PARCEL) VALUES ('2011-06-22', 1.2, 17, 1);
INSERT INTO IRRIGATION_RECORD ("DATE", IRRIGATION_DONE, FK_CROP, FK_PARCEL) VALUES ('2011-06-23', 1.1, 17, 1);
INSERT INTO IRRIGATION_RECORD ("DATE", IRRIGATION_DONE, FK_CROP, FK_PARCEL) VALUES ('2011-06-24', 1.5, 17, 1);
INSERT INTO IRRIGATION_RECORD ("DATE", IRRIGATION_DONE, FK_CROP, FK_PARCEL) VALUES ('2011-06-25', 0.5, 17, 1);
INSERT INTO IRRIGATION_RECORD ("DATE", IRRIGATION_DONE, FK_CROP, FK_PARCEL) VALUES ('2011-06-26', 2, 17, 1);
INSERT INTO IRRIGATION_RECORD ("DATE", IRRIGATION_DONE, FK_CROP, FK_PARCEL) VALUES ('2011-06-27', 5.5, 17, 1);
INSERT INTO IRRIGATION_RECORD ("DATE", IRRIGATION_DONE, FK_CROP, FK_PARCEL) VALUES ('2011-06-28', 8, 17, 1);