INSERT INTO PLANTING_RECORD (HARVEST_DATE, SEED_DATE, FK_CROP, FK_PARCEL, FK_STATUS, CROP_IRRIGATION_WATER_NEED) VALUES ('2012-04-01', '2012-02-05', 12, 1, 1, '7');
INSERT INTO PLANTING_RECORD (HARVEST_DATE, SEED_DATE, FK_CROP, FK_PARCEL, FK_STATUS, CROP_IRRIGATION_WATER_NEED) VALUES ('2012-06-01', '2012-05-15', 12, 1, 1, '7');
INSERT INTO PLANTING_RECORD (HARVEST_DATE, SEED_DATE, FK_CROP, FK_PARCEL, FK_STATUS, CROP_IRRIGATION_WATER_NEED) VALUES ('2012-07-21', '2012-06-12', 12, 1, 1, '7');
INSERT INTO PLANTING_RECORD (HARVEST_DATE, SEED_DATE, FK_CROP, FK_PARCEL, FK_STATUS, CROP_IRRIGATION_WATER_NEED) VALUES ('2012-12-13', '2012-08-01', 13, 1, 1, '7');
INSERT INTO PLANTING_RECORD (HARVEST_DATE, SEED_DATE, FK_CROP, FK_PARCEL, FK_STATUS, CROP_IRRIGATION_WATER_NEED) VALUES ('2013-06-24', '2013-01-31', 13, 1, 1, '7');
INSERT INTO PLANTING_RECORD (HARVEST_DATE, SEED_DATE, FK_CROP, FK_PARCEL, FK_STATUS, CROP_IRRIGATION_WATER_NEED) VALUES ('2013-12-09', '2013-07-18', 13, 1, 1, '7');
INSERT INTO PLANTING_RECORD (HARVEST_DATE, SEED_DATE, FK_CROP, FK_PARCEL, FK_STATUS, CROP_IRRIGATION_WATER_NEED) VALUES ('2014-05-15', '2013-12-23', 13, 1, 1, '7');
INSERT INTO PLANTING_RECORD (HARVEST_DATE, SEED_DATE, FK_CROP, FK_PARCEL, FK_STATUS, CROP_IRRIGATION_WATER_NEED) VALUES ('2014-10-28', '2014-06-06', 13, 1, 1, '7');
INSERT INTO PLANTING_RECORD (HARVEST_DATE, SEED_DATE, FK_CROP, FK_PARCEL, FK_STATUS, CROP_IRRIGATION_WATER_NEED) VALUES ('2015-04-12', '2014-11-19', 13, 1, 1, '7');
INSERT INTO PLANTING_RECORD (HARVEST_DATE, SEED_DATE, FK_CROP, FK_PARCEL, FK_STATUS, CROP_IRRIGATION_WATER_NEED) VALUES ('2015-09-05', '2015-04-14', 13, 1, 1, '7');
INSERT INTO PLANTING_RECORD (HARVEST_DATE, SEED_DATE, FK_CROP, FK_PARCEL, FK_STATUS, CROP_IRRIGATION_WATER_NEED) VALUES ('2016-02-24', '2015-10-03', 13, 1, 1, '7');
INSERT INTO PLANTING_RECORD (HARVEST_DATE, SEED_DATE, FK_CROP, FK_PARCEL, FK_STATUS, CROP_IRRIGATION_WATER_NEED) VALUES ('2016-08-02', '2016-03-11', 13, 1, 1, '7');
INSERT INTO PLANTING_RECORD (HARVEST_DATE, SEED_DATE, FK_CROP, FK_PARCEL, FK_STATUS, CROP_IRRIGATION_WATER_NEED) VALUES ('2017-01-22', '2016-08-31', 13, 1, 1, '7');
INSERT INTO PLANTING_RECORD (HARVEST_DATE, SEED_DATE, FK_CROP, FK_PARCEL, FK_STATUS, CROP_IRRIGATION_WATER_NEED) VALUES ('2017-07-12', '2017-02-18', 13, 1, 1, '7');
INSERT INTO PLANTING_RECORD (HARVEST_DATE, SEED_DATE, FK_CROP, FK_PARCEL, FK_STATUS, CROP_IRRIGATION_WATER_NEED) VALUES ('2017-11-07', '2017-08-05', 8, 1, 1, '7');
INSERT INTO PLANTING_RECORD (HARVEST_DATE, SEED_DATE, FK_CROP, FK_PARCEL, FK_STATUS, CROP_IRRIGATION_WATER_NEED) VALUES ('2018-02-22', '2017-11-20', 8, 1, 1, '7');
INSERT INTO PLANTING_RECORD (HARVEST_DATE, SEED_DATE, FK_CROP, FK_PARCEL, FK_STATUS, CROP_IRRIGATION_WATER_NEED) VALUES ('2018-09-26', '2018-03-01', 7, 1, 1, '7');
INSERT INTO PLANTING_RECORD (HARVEST_DATE, SEED_DATE, FK_CROP, FK_PARCEL, FK_STATUS, CROP_IRRIGATION_WATER_NEED) VALUES ('2019-05-21', '2018-10-24', 7, 1, 1, '7');
INSERT INTO PLANTING_RECORD (HARVEST_DATE, SEED_DATE, FK_CROP, FK_PARCEL, FK_STATUS, CROP_IRRIGATION_WATER_NEED) VALUES ('2020-01-10', '2019-06-15', 7, 1, 1, '7');
INSERT INTO PLANTING_RECORD (HARVEST_DATE, SEED_DATE, FK_CROP, FK_PARCEL, FK_STATUS, CROP_IRRIGATION_WATER_NEED) VALUES ('2020-03-15', '2020-02-09', 10, 1, 1, '7');
INSERT INTO PLANTING_RECORD (HARVEST_DATE, SEED_DATE, FK_CROP, FK_PARCEL, FK_STATUS, CROP_IRRIGATION_WATER_NEED) VALUES ('2020-05-07', '2020-04-03', 10, 1, 1, '7');
INSERT INTO PLANTING_RECORD (HARVEST_DATE, SEED_DATE, FK_CROP, FK_PARCEL, FK_STATUS, CROP_IRRIGATION_WATER_NEED) VALUES ('2020-06-25', '2020-05-22', 10, 1, 1, '7');
INSERT INTO PLANTING_RECORD (HARVEST_DATE, SEED_DATE, FK_CROP, FK_PARCEL, FK_STATUS, CROP_IRRIGATION_WATER_NEED) VALUES ('2020-08-27', '2020-07-24', 10, 1, 1, '7');
INSERT INTO PLANTING_RECORD (HARVEST_DATE, SEED_DATE, FK_CROP, FK_PARCEL, FK_STATUS, CROP_IRRIGATION_WATER_NEED) VALUES ('2015-06-09', '2015-01-31', 14, 1, 1, '7');
INSERT INTO PLANTING_RECORD (HARVEST_DATE, SEED_DATE, FK_CROP, FK_PARCEL, FK_STATUS, CROP_IRRIGATION_WATER_NEED) VALUES ('2015-10-24', '2015-06-17', 14, 1, 1, '7');
INSERT INTO PLANTING_RECORD (HARVEST_DATE, SEED_DATE, FK_CROP, FK_PARCEL, FK_STATUS, CROP_IRRIGATION_WATER_NEED) VALUES ('2016-03-09', '2015-11-01', 14, 1, 1, '7');
INSERT INTO PLANTING_RECORD (HARVEST_DATE, SEED_DATE, FK_CROP, FK_PARCEL, FK_STATUS, CROP_IRRIGATION_WATER_NEED) VALUES ('2016-07-24', '2016-03-17', 14, 1, 1, '7');
INSERT INTO PLANTING_RECORD (HARVEST_DATE, SEED_DATE, FK_CROP, FK_PARCEL, FK_STATUS, CROP_IRRIGATION_WATER_NEED) VALUES ('2016-12-18', '2016-08-11', 14, 1, 1, '7');
INSERT INTO PLANTING_RECORD (HARVEST_DATE, SEED_DATE, FK_CROP, FK_PARCEL, FK_STATUS, CROP_IRRIGATION_WATER_NEED) VALUES ('2017-05-11', '2017-01-02', 14, 1, 1, '7');
INSERT INTO PLANTING_RECORD (HARVEST_DATE, SEED_DATE, FK_CROP, FK_PARCEL, FK_STATUS, CROP_IRRIGATION_WATER_NEED) VALUES ('2017-09-19', '2017-05-13', 14, 1, 1, '7');
INSERT INTO PLANTING_RECORD (HARVEST_DATE, SEED_DATE, FK_CROP, FK_PARCEL, FK_STATUS, CROP_IRRIGATION_WATER_NEED) VALUES ('2018-02-08', '2017-10-02', 14, 1, 1, '7');
INSERT INTO PLANTING_RECORD (HARVEST_DATE, SEED_DATE, FK_CROP, FK_PARCEL, FK_STATUS, CROP_IRRIGATION_WATER_NEED) VALUES ('2018-06-29', '2018-02-20', 14, 1, 1, '7');
INSERT INTO PLANTING_RECORD (HARVEST_DATE, SEED_DATE, FK_CROP, FK_PARCEL, FK_STATUS, CROP_IRRIGATION_WATER_NEED) VALUES ('2018-11-12', '2018-07-06', 14, 1, 1, '7');
INSERT INTO PLANTING_RECORD (HARVEST_DATE, SEED_DATE, FK_CROP, FK_PARCEL, FK_STATUS, CROP_IRRIGATION_WATER_NEED) VALUES ('2019-03-28', '2018-11-19', 17, 1, 1, '7');
INSERT INTO PLANTING_RECORD (HARVEST_DATE, SEED_DATE, FK_CROP, FK_PARCEL, FK_STATUS, CROP_IRRIGATION_WATER_NEED) VALUES ('2019-08-30', '2019-04-23', 17, 1, 1, '7');
INSERT INTO PLANTING_RECORD (HARVEST_DATE, SEED_DATE, FK_CROP, FK_PARCEL, FK_STATUS, CROP_IRRIGATION_WATER_NEED) VALUES ('2020-02-06', '2019-09-30', 17, 1, 1, '7');
INSERT INTO PLANTING_RECORD (HARVEST_DATE, SEED_DATE, FK_CROP, FK_PARCEL, FK_STATUS, CROP_IRRIGATION_WATER_NEED) VALUES ('2020-07-08', '2020-03-01', 17, 1, 1, '7');
INSERT INTO PLANTING_RECORD (HARVEST_DATE, SEED_DATE, FK_CROP, FK_PARCEL, FK_STATUS, CROP_IRRIGATION_WATER_NEED) VALUES ('2020-11-21', '2020-07-15', 17, 1, 1, '7');
INSERT INTO PLANTING_RECORD (HARVEST_DATE, SEED_DATE, FK_CROP, FK_PARCEL, FK_STATUS, CROP_IRRIGATION_WATER_NEED) VALUES ('2021-04-15', '2020-12-07', 17, 1, 1, '7');
INSERT INTO PLANTING_RECORD (HARVEST_DATE, SEED_DATE, FK_CROP, FK_PARCEL, FK_STATUS, CROP_IRRIGATION_WATER_NEED) VALUES ('2021-09-18', '2021-05-12', 17, 1, 1, '7');
INSERT INTO PLANTING_RECORD (HARVEST_DATE, SEED_DATE, FK_CROP, FK_PARCEL, FK_STATUS, CROP_IRRIGATION_WATER_NEED) VALUES ('2022-01-31', '2021-09-24', 17, 1, 1, '7');
INSERT INTO PLANTING_RECORD (HARVEST_DATE, SEED_DATE, FK_CROP, FK_PARCEL, FK_STATUS, CROP_IRRIGATION_WATER_NEED) VALUES ('2022-07-02', '2022-02-23', 17, 1, 1, '7');
INSERT INTO PLANTING_RECORD (HARVEST_DATE, SEED_DATE, FK_CROP, FK_PARCEL, FK_STATUS, CROP_IRRIGATION_WATER_NEED) VALUES ('2022-11-13', '2022-07-07', 17, 1, 1, '7');

INSERT INTO CLIMATE_RECORD (ATMOSPHERIC_PRESSURE, CLOUD_COVER, "DATE", DEW_POINT, ETC, ETO, MAX_TEMP, MIN_TEMP, PRECIP, PRECIP_PROBABILITY, WIND_SPEED, FK_PARCEL)
VALUES (101.43, 0.31, '2013-01-31', -4.4, 15.0, 3.613157757002548, 18.3, 9.01, 7.0, 0.0, 6.83, 1);
INSERT INTO CLIMATE_RECORD (ATMOSPHERIC_PRESSURE, CLOUD_COVER, "DATE", DEW_POINT, ETC, ETO, MAX_TEMP, MIN_TEMP, PRECIP, PRECIP_PROBABILITY, WIND_SPEED, FK_PARCEL)
VALUES (101.43, 0.31, '2014-02-12', -4.4, 15.0, 3.613157757002548, 18.3, 9.01, 5.0, 0.0, 6.83, 1);
INSERT INTO CLIMATE_RECORD (ATMOSPHERIC_PRESSURE, CLOUD_COVER, "DATE", DEW_POINT, ETC, ETO, MAX_TEMP, MIN_TEMP, PRECIP, PRECIP_PROBABILITY, WIND_SPEED, FK_PARCEL)
VALUES (101.43, 0.31, '2015-03-13', -4.4, 15.0, 3.613157757002548, 18.3, 9.01, 4.0, 0.0, 6.83, 1);
INSERT INTO CLIMATE_RECORD (ATMOSPHERIC_PRESSURE, CLOUD_COVER, "DATE", DEW_POINT, ETC, ETO, MAX_TEMP, MIN_TEMP, PRECIP, PRECIP_PROBABILITY, WIND_SPEED, FK_PARCEL)
VALUES (101.43, 0.31, '2016-04-14', -4.4, 15.0, 3.613157757002548, 18.3, 9.01, 1.0, 0.0, 6.83, 1);
INSERT INTO CLIMATE_RECORD (ATMOSPHERIC_PRESSURE, CLOUD_COVER, "DATE", DEW_POINT, ETC, ETO, MAX_TEMP, MIN_TEMP, PRECIP, PRECIP_PROBABILITY, WIND_SPEED, FK_PARCEL)
VALUES (101.43, 0.31, '2017-05-15', -4.4, 15.0, 3.613157757002548, 18.3, 9.01, 2.0, 0.0, 6.83, 1);
INSERT INTO CLIMATE_RECORD (ATMOSPHERIC_PRESSURE, CLOUD_COVER, "DATE", DEW_POINT, ETC, ETO, MAX_TEMP, MIN_TEMP, PRECIP, PRECIP_PROBABILITY, WIND_SPEED, FK_PARCEL)
VALUES (101.43, 0.31, '2018-06-16', -4.4, 15.0, 3.613157757002548, 18.3, 9.01, 3.5, 0.0, 6.83, 1);
INSERT INTO CLIMATE_RECORD (ATMOSPHERIC_PRESSURE, CLOUD_COVER, "DATE", DEW_POINT, ETC, ETO, MAX_TEMP, MIN_TEMP, PRECIP, PRECIP_PROBABILITY, WIND_SPEED, FK_PARCEL)
VALUES (101.43, 0.31, '2019-07-17', -4.4, 15.0, 3.613157757002548, 18.3, 9.01, 3.9, 0.0, 6.83, 1);
INSERT INTO CLIMATE_RECORD (ATMOSPHERIC_PRESSURE, CLOUD_COVER, "DATE", DEW_POINT, ETC, ETO, MAX_TEMP, MIN_TEMP, PRECIP, PRECIP_PROBABILITY, WIND_SPEED, FK_PARCEL)
VALUES (101.43, 0.31, '2020-08-18', -4.4, 15.0, 3.613157757002548, 18.3, 9.01, 4.5, 0.0, 6.83, 1);
INSERT INTO CLIMATE_RECORD (ATMOSPHERIC_PRESSURE, CLOUD_COVER, "DATE", DEW_POINT, ETC, ETO, MAX_TEMP, MIN_TEMP, PRECIP, PRECIP_PROBABILITY, WIND_SPEED, FK_PARCEL)
VALUES (101.43, 0.31, '2020-09-19', -4.4, 15.0, 3.613157757002548, 18.3, 9.01, 9.0, 0.0, 6.83, 1);
INSERT INTO CLIMATE_RECORD (ATMOSPHERIC_PRESSURE, CLOUD_COVER, "DATE", DEW_POINT, ETC, ETO, MAX_TEMP, MIN_TEMP, PRECIP, PRECIP_PROBABILITY, WIND_SPEED, FK_PARCEL)
VALUES (101.43, 0.31, '2020-09-20', -4.4, 15.0, 3.613157757002548, 18.3, 9.01, 12.0, 0.0, 6.83, 1);

INSERT INTO TYPE_PRECIPITATION (NAME, FK_CLIMATE_RECORD) VALUES ('rain', 1);
INSERT INTO TYPE_PRECIPITATION (NAME, FK_CLIMATE_RECORD) VALUES ('rain', 2);
INSERT INTO TYPE_PRECIPITATION (NAME, FK_CLIMATE_RECORD) VALUES ('rain', 3);
INSERT INTO TYPE_PRECIPITATION (NAME, FK_CLIMATE_RECORD) VALUES ('rain', 4);
INSERT INTO TYPE_PRECIPITATION (NAME, FK_CLIMATE_RECORD) VALUES ('rain', 5);
INSERT INTO TYPE_PRECIPITATION (NAME, FK_CLIMATE_RECORD) VALUES ('rain', 6);
INSERT INTO TYPE_PRECIPITATION (NAME, FK_CLIMATE_RECORD) VALUES ('rain', 7);
INSERT INTO TYPE_PRECIPITATION (NAME, FK_CLIMATE_RECORD) VALUES ('rain', 8);
INSERT INTO TYPE_PRECIPITATION (NAME, FK_CLIMATE_RECORD) VALUES ('rain', 9);
INSERT INTO TYPE_PRECIPITATION (NAME, FK_CLIMATE_RECORD) VALUES ('rain', 10);

INSERT INTO HARVEST ("DATE", FK_CROP, FK_PARCEL, HARVEST_AMOUNT) VALUES ('2012-04-01', 12, 1, 2);
INSERT INTO HARVEST ("DATE", FK_CROP, FK_PARCEL, HARVEST_AMOUNT) VALUES ('2012-06-01', 12, 1, 2);
INSERT INTO HARVEST ("DATE", FK_CROP, FK_PARCEL, HARVEST_AMOUNT) VALUES ('2012-07-21', 12, 1, 2);
INSERT INTO HARVEST ("DATE", FK_CROP, FK_PARCEL, HARVEST_AMOUNT) VALUES ('2012-12-13', 13, 1, 2);
INSERT INTO HARVEST ("DATE", FK_CROP, FK_PARCEL, HARVEST_AMOUNT) VALUES ('2013-06-24', 13, 1, 10);
INSERT INTO HARVEST ("DATE", FK_CROP, FK_PARCEL, HARVEST_AMOUNT) VALUES ('2013-12-09', 13, 1, 12);
INSERT INTO HARVEST ("DATE", FK_CROP, FK_PARCEL, HARVEST_AMOUNT) VALUES ('2014-05-15', 13, 1, 11);
INSERT INTO HARVEST ("DATE", FK_CROP, FK_PARCEL, HARVEST_AMOUNT) VALUES ('2014-10-28', 13, 1, 8.5);
INSERT INTO HARVEST ("DATE", FK_CROP, FK_PARCEL, HARVEST_AMOUNT) VALUES ('2015-04-12', 13, 1, 7.1);
INSERT INTO HARVEST ("DATE", FK_CROP, FK_PARCEL, HARVEST_AMOUNT) VALUES ('2015-09-05', 13, 1, 9.2);
INSERT INTO HARVEST ("DATE", FK_CROP, FK_PARCEL, HARVEST_AMOUNT) VALUES ('2016-02-24', 13, 1, 13);
INSERT INTO HARVEST ("DATE", FK_CROP, FK_PARCEL, HARVEST_AMOUNT) VALUES ('2016-08-02', 13, 1, 11);
INSERT INTO HARVEST ("DATE", FK_CROP, FK_PARCEL, HARVEST_AMOUNT) VALUES ('2017-01-22', 13, 1, 11);
INSERT INTO HARVEST ("DATE", FK_CROP, FK_PARCEL, HARVEST_AMOUNT) VALUES ('2017-07-12', 13, 1, 14);
INSERT INTO HARVEST ("DATE", FK_CROP, FK_PARCEL, HARVEST_AMOUNT) VALUES ('2017-11-07', 8, 1, 12);
INSERT INTO HARVEST ("DATE", FK_CROP, FK_PARCEL, HARVEST_AMOUNT) VALUES ('2018-02-22', 8, 1, 8);
INSERT INTO HARVEST ("DATE", FK_CROP, FK_PARCEL, HARVEST_AMOUNT) VALUES ('2018-09-26', 7, 1, 9);
INSERT INTO HARVEST ("DATE", FK_CROP, FK_PARCEL, HARVEST_AMOUNT) VALUES ('2019-05-21', 7, 1, 7);
INSERT INTO HARVEST ("DATE", FK_CROP, FK_PARCEL, HARVEST_AMOUNT) VALUES ('2020-01-10', 7, 1, 5);
INSERT INTO HARVEST ("DATE", FK_CROP, FK_PARCEL, HARVEST_AMOUNT) VALUES ('2020-03-15', 10, 1, 2);
INSERT INTO HARVEST ("DATE", FK_CROP, FK_PARCEL, HARVEST_AMOUNT) VALUES ('2020-05-07', 10, 1, 1);
INSERT INTO HARVEST ("DATE", FK_CROP, FK_PARCEL, HARVEST_AMOUNT) VALUES ('2020-06-25', 10, 1, 3);
INSERT INTO HARVEST ("DATE", FK_CROP, FK_PARCEL, HARVEST_AMOUNT) VALUES ('2020-08-27', 10, 1, 1);
INSERT INTO HARVEST ("DATE", FK_CROP, FK_PARCEL, HARVEST_AMOUNT) VALUES ('2015-06-09', 14, 1, 12);
INSERT INTO HARVEST ("DATE", FK_CROP, FK_PARCEL, HARVEST_AMOUNT) VALUES ('2015-10-24', 14, 1, 11);
INSERT INTO HARVEST ("DATE", FK_CROP, FK_PARCEL, HARVEST_AMOUNT) VALUES ('2016-03-09', 14, 1, 5);
INSERT INTO HARVEST ("DATE", FK_CROP, FK_PARCEL, HARVEST_AMOUNT) VALUES ('2016-07-24', 14, 1, 2);
INSERT INTO HARVEST ("DATE", FK_CROP, FK_PARCEL, HARVEST_AMOUNT) VALUES ('2016-12-18', 14, 1, 4);
INSERT INTO HARVEST ("DATE", FK_CROP, FK_PARCEL, HARVEST_AMOUNT) VALUES ('2017-05-11', 14, 1, 8);
INSERT INTO HARVEST ("DATE", FK_CROP, FK_PARCEL, HARVEST_AMOUNT) VALUES ('2017-09-19', 14, 1, 9);
INSERT INTO HARVEST ("DATE", FK_CROP, FK_PARCEL, HARVEST_AMOUNT) VALUES ('2018-02-08', 14, 1, 10);
INSERT INTO HARVEST ("DATE", FK_CROP, FK_PARCEL, HARVEST_AMOUNT) VALUES ('2018-06-29', 14, 1, 4);
INSERT INTO HARVEST ("DATE", FK_CROP, FK_PARCEL, HARVEST_AMOUNT) VALUES ('2018-11-12', 14, 1, 3);
INSERT INTO HARVEST ("DATE", FK_CROP, FK_PARCEL, HARVEST_AMOUNT) VALUES ('2019-03-28', 17, 1, 12);
INSERT INTO HARVEST ("DATE", FK_CROP, FK_PARCEL, HARVEST_AMOUNT) VALUES ('2019-08-30', 17, 1, 15);
INSERT INTO HARVEST ("DATE", FK_CROP, FK_PARCEL, HARVEST_AMOUNT) VALUES ('2020-02-06', 17, 1, 16);
INSERT INTO HARVEST ("DATE", FK_CROP, FK_PARCEL, HARVEST_AMOUNT) VALUES ('2020-07-08', 17, 1, 18);
INSERT INTO HARVEST ("DATE", FK_CROP, FK_PARCEL, HARVEST_AMOUNT) VALUES ('2020-11-21', 17, 1, 21);
INSERT INTO HARVEST ("DATE", FK_CROP, FK_PARCEL, HARVEST_AMOUNT) VALUES ('2021-04-15', 17, 1, 11);
INSERT INTO HARVEST ("DATE", FK_CROP, FK_PARCEL, HARVEST_AMOUNT) VALUES ('2021-09-18', 17, 1, 12);
INSERT INTO HARVEST ("DATE", FK_CROP, FK_PARCEL, HARVEST_AMOUNT) VALUES ('2022-01-31', 17, 1, 15);
INSERT INTO HARVEST ("DATE", FK_CROP, FK_PARCEL, HARVEST_AMOUNT) VALUES ('2022-07-02', 17, 1, 14.5);
INSERT INTO HARVEST ("DATE", FK_CROP, FK_PARCEL, HARVEST_AMOUNT) VALUES ('2022-11-13', 17, 1, 12.2);

INSERT INTO IRRIGATION_RECORD ("DATE", IRRIGATION_DONE, FK_CROP, FK_PARCEL) VALUES ('2012-02-05', 5, 12, 1);
INSERT INTO IRRIGATION_RECORD ("DATE", IRRIGATION_DONE, FK_CROP, FK_PARCEL) VALUES ('2012-02-06', 2, 12, 1);
INSERT INTO IRRIGATION_RECORD ("DATE", IRRIGATION_DONE, FK_CROP, FK_PARCEL) VALUES ('2012-02-07', 5, 12, 1);
INSERT INTO IRRIGATION_RECORD ("DATE", IRRIGATION_DONE, FK_CROP, FK_PARCEL) VALUES ('2012-02-08', 1, 12, 1);
INSERT INTO IRRIGATION_RECORD ("DATE", IRRIGATION_DONE, FK_CROP, FK_PARCEL) VALUES ('2012-02-09', 3.5, 12, 1);
INSERT INTO IRRIGATION_RECORD ("DATE", IRRIGATION_DONE, FK_CROP, FK_PARCEL) VALUES ('2012-02-10', 3, 12, 1);
INSERT INTO IRRIGATION_RECORD ("DATE", IRRIGATION_DONE, FK_CROP, FK_PARCEL) VALUES ('2012-02-11', 8, 12, 1);
INSERT INTO IRRIGATION_RECORD ("DATE", IRRIGATION_DONE, FK_CROP, FK_PARCEL) VALUES ('2012-02-12', 9, 12, 1);
INSERT INTO IRRIGATION_RECORD ("DATE", IRRIGATION_DONE, FK_CROP, FK_PARCEL) VALUES ('2012-02-13', 10, 12, 1);
INSERT INTO IRRIGATION_RECORD ("DATE", IRRIGATION_DONE, FK_CROP, FK_PARCEL) VALUES ('2012-08-02', 2, 13, 1);
INSERT INTO IRRIGATION_RECORD ("DATE", IRRIGATION_DONE, FK_CROP, FK_PARCEL) VALUES ('2012-08-03', 2.5, 13, 1);
INSERT INTO IRRIGATION_RECORD ("DATE", IRRIGATION_DONE, FK_CROP, FK_PARCEL) VALUES ('2012-08-04', 4, 13, 1);
INSERT INTO IRRIGATION_RECORD ("DATE", IRRIGATION_DONE, FK_CROP, FK_PARCEL) VALUES ('2012-08-05', 7, 13, 1);
INSERT INTO IRRIGATION_RECORD ("DATE", IRRIGATION_DONE, FK_CROP, FK_PARCEL) VALUES ('2012-08-06', 1, 13, 1);
INSERT INTO IRRIGATION_RECORD ("DATE", IRRIGATION_DONE, FK_CROP, FK_PARCEL) VALUES ('2012-08-07', 1.5, 13, 1);
INSERT INTO IRRIGATION_RECORD ("DATE", IRRIGATION_DONE, FK_CROP, FK_PARCEL) VALUES ('2012-08-08', 2.6, 13, 1);
INSERT INTO IRRIGATION_RECORD ("DATE", IRRIGATION_DONE, FK_CROP, FK_PARCEL) VALUES ('2012-08-09', 1.2, 13, 1);
INSERT INTO IRRIGATION_RECORD ("DATE", IRRIGATION_DONE, FK_CROP, FK_PARCEL) VALUES ('2012-08-10', 1, 13, 1);
INSERT INTO IRRIGATION_RECORD ("DATE", IRRIGATION_DONE, FK_CROP, FK_PARCEL) VALUES ('2012-08-11', 5, 13, 1);
INSERT INTO IRRIGATION_RECORD ("DATE", IRRIGATION_DONE, FK_CROP, FK_PARCEL) VALUES ('2012-08-12', 4.2, 13, 1);
INSERT INTO IRRIGATION_RECORD ("DATE", IRRIGATION_DONE, FK_CROP, FK_PARCEL) VALUES ('2012-09-09', 4, 13, 1);
INSERT INTO IRRIGATION_RECORD ("DATE", IRRIGATION_DONE, FK_CROP, FK_PARCEL) VALUES ('2012-09-10', 4.7, 13, 1);
INSERT INTO IRRIGATION_RECORD ("DATE", IRRIGATION_DONE, FK_CROP, FK_PARCEL) VALUES ('2012-09-11', 3, 13, 1);
INSERT INTO IRRIGATION_RECORD ("DATE", IRRIGATION_DONE, FK_CROP, FK_PARCEL) VALUES ('2012-09-12', 3.1, 13, 1);
INSERT INTO IRRIGATION_RECORD ("DATE", IRRIGATION_DONE, FK_CROP, FK_PARCEL) VALUES ('2012-09-13', 1, 13, 1);
INSERT INTO IRRIGATION_RECORD ("DATE", IRRIGATION_DONE, FK_CROP, FK_PARCEL) VALUES ('2012-09-14', 0.5, 13, 1);
INSERT INTO IRRIGATION_RECORD ("DATE", IRRIGATION_DONE, FK_CROP, FK_PARCEL) VALUES ('2013-10-07', 1, 13, 1);
INSERT INTO IRRIGATION_RECORD ("DATE", IRRIGATION_DONE, FK_CROP, FK_PARCEL) VALUES ('2013-10-08', 2.9, 13, 1);
INSERT INTO IRRIGATION_RECORD ("DATE", IRRIGATION_DONE, FK_CROP, FK_PARCEL) VALUES ('2013-10-09', 3, 13, 1);
INSERT INTO IRRIGATION_RECORD ("DATE", IRRIGATION_DONE, FK_CROP, FK_PARCEL) VALUES ('2013-10-10', 4, 13, 1);
INSERT INTO IRRIGATION_RECORD ("DATE", IRRIGATION_DONE, FK_CROP, FK_PARCEL) VALUES ('2013-10-11', 5, 13, 1);
INSERT INTO IRRIGATION_RECORD ("DATE", IRRIGATION_DONE, FK_CROP, FK_PARCEL) VALUES ('2013-10-12', 2.1, 13, 1);
INSERT INTO IRRIGATION_RECORD ("DATE", IRRIGATION_DONE, FK_CROP, FK_PARCEL) VALUES ('2013-10-13', 1.7, 13, 1);
INSERT INTO IRRIGATION_RECORD ("DATE", IRRIGATION_DONE, FK_CROP, FK_PARCEL) VALUES ('2013-11-12', 2.5, 13, 1);
INSERT INTO IRRIGATION_RECORD ("DATE", IRRIGATION_DONE, FK_CROP, FK_PARCEL) VALUES ('2013-11-13', 3.5, 13, 1);
INSERT INTO IRRIGATION_RECORD ("DATE", IRRIGATION_DONE, FK_CROP, FK_PARCEL) VALUES ('2013-11-14', 4.5, 13, 1);
INSERT INTO IRRIGATION_RECORD ("DATE", IRRIGATION_DONE, FK_CROP, FK_PARCEL) VALUES ('2013-11-15', 5.5, 13, 1);
INSERT INTO IRRIGATION_RECORD ("DATE", IRRIGATION_DONE, FK_CROP, FK_PARCEL) VALUES ('2013-11-16', 6.5, 13, 1);
INSERT INTO IRRIGATION_RECORD ("DATE", IRRIGATION_DONE, FK_CROP, FK_PARCEL) VALUES ('2013-11-17', 7.5, 13, 1);
INSERT INTO IRRIGATION_RECORD ("DATE", IRRIGATION_DONE, FK_CROP, FK_PARCEL) VALUES ('2013-11-18', 8, 13, 1);
INSERT INTO IRRIGATION_RECORD ("DATE", IRRIGATION_DONE, FK_CROP, FK_PARCEL) VALUES ('2014-01-15', 3.1, 13, 1);
INSERT INTO IRRIGATION_RECORD ("DATE", IRRIGATION_DONE, FK_CROP, FK_PARCEL) VALUES ('2014-01-16', 4.1, 13, 1);
INSERT INTO IRRIGATION_RECORD ("DATE", IRRIGATION_DONE, FK_CROP, FK_PARCEL) VALUES ('2014-01-17', 5.1, 13, 1);
INSERT INTO IRRIGATION_RECORD ("DATE", IRRIGATION_DONE, FK_CROP, FK_PARCEL) VALUES ('2014-01-18', 1.1, 13, 1);
INSERT INTO IRRIGATION_RECORD ("DATE", IRRIGATION_DONE, FK_CROP, FK_PARCEL) VALUES ('2014-01-19', 6.1, 13, 1);
INSERT INTO IRRIGATION_RECORD ("DATE", IRRIGATION_DONE, FK_CROP, FK_PARCEL) VALUES ('2014-01-20', 7.5, 13, 1);
INSERT INTO IRRIGATION_RECORD ("DATE", IRRIGATION_DONE, FK_CROP, FK_PARCEL) VALUES ('2014-01-21', 3, 13, 1);
INSERT INTO IRRIGATION_RECORD ("DATE", IRRIGATION_DONE, FK_CROP, FK_PARCEL) VALUES ('2014-02-17', 5.5, 13, 1);
INSERT INTO IRRIGATION_RECORD ("DATE", IRRIGATION_DONE, FK_CROP, FK_PARCEL) VALUES ('2014-02-18', 7.5, 13, 1);
INSERT INTO IRRIGATION_RECORD ("DATE", IRRIGATION_DONE, FK_CROP, FK_PARCEL) VALUES ('2014-02-19', 8.4, 13, 1);
INSERT INTO IRRIGATION_RECORD ("DATE", IRRIGATION_DONE, FK_CROP, FK_PARCEL) VALUES ('2014-02-20', 3, 13, 1);
INSERT INTO IRRIGATION_RECORD ("DATE", IRRIGATION_DONE, FK_CROP, FK_PARCEL) VALUES ('2014-02-21', 2, 13, 1);
INSERT INTO IRRIGATION_RECORD ("DATE", IRRIGATION_DONE, FK_CROP, FK_PARCEL) VALUES ('2014-02-22', 1, 13, 1);
INSERT INTO IRRIGATION_RECORD ("DATE", IRRIGATION_DONE, FK_CROP, FK_PARCEL) VALUES ('2014-02-23', 0.9, 13, 1);
INSERT INTO IRRIGATION_RECORD ("DATE", IRRIGATION_DONE, FK_CROP, FK_PARCEL) VALUES ('2014-02-24', 1.9, 13, 1);
INSERT INTO IRRIGATION_RECORD ("DATE", IRRIGATION_DONE, FK_CROP, FK_PARCEL) VALUES ('2014-02-25', 2.5, 13, 1);
INSERT INTO IRRIGATION_RECORD ("DATE", IRRIGATION_DONE, FK_CROP, FK_PARCEL) VALUES ('2014-02-26', 3.9, 13, 1);
INSERT INTO IRRIGATION_RECORD ("DATE", IRRIGATION_DONE, FK_CROP, FK_PARCEL) VALUES ('2015-04-02', 4, 13, 1);
INSERT INTO IRRIGATION_RECORD ("DATE", IRRIGATION_DONE, FK_CROP, FK_PARCEL) VALUES ('2015-04-03', 4.9, 13, 1);
INSERT INTO IRRIGATION_RECORD ("DATE", IRRIGATION_DONE, FK_CROP, FK_PARCEL) VALUES ('2015-04-04', 4, 13, 1);
INSERT INTO IRRIGATION_RECORD ("DATE", IRRIGATION_DONE, FK_CROP, FK_PARCEL) VALUES ('2015-04-05', 3, 13, 1);
INSERT INTO IRRIGATION_RECORD ("DATE", IRRIGATION_DONE, FK_CROP, FK_PARCEL) VALUES ('2015-04-06', 2, 13, 1);
INSERT INTO IRRIGATION_RECORD ("DATE", IRRIGATION_DONE, FK_CROP, FK_PARCEL) VALUES ('2015-04-07', 1, 13, 1);
INSERT INTO IRRIGATION_RECORD ("DATE", IRRIGATION_DONE, FK_CROP, FK_PARCEL) VALUES ('2015-04-08', 1.4, 13, 1);
INSERT INTO IRRIGATION_RECORD ("DATE", IRRIGATION_DONE, FK_CROP, FK_PARCEL) VALUES ('2015-05-06', 4.5, 13, 1);
INSERT INTO IRRIGATION_RECORD ("DATE", IRRIGATION_DONE, FK_CROP, FK_PARCEL) VALUES ('2015-05-07', 8.5, 13, 1);
INSERT INTO IRRIGATION_RECORD ("DATE", IRRIGATION_DONE, FK_CROP, FK_PARCEL) VALUES ('2015-05-08', 5, 13, 1);
INSERT INTO IRRIGATION_RECORD ("DATE", IRRIGATION_DONE, FK_CROP, FK_PARCEL) VALUES ('2015-05-09', 4, 13, 1);
INSERT INTO IRRIGATION_RECORD ("DATE", IRRIGATION_DONE, FK_CROP, FK_PARCEL) VALUES ('2015-05-10', 3.5, 13, 1);
INSERT INTO IRRIGATION_RECORD ("DATE", IRRIGATION_DONE, FK_CROP, FK_PARCEL) VALUES ('2015-05-11', 2.5, 13, 1);
INSERT INTO IRRIGATION_RECORD ("DATE", IRRIGATION_DONE, FK_CROP, FK_PARCEL) VALUES ('2015-05-12', 1.5, 13, 1);
INSERT INTO IRRIGATION_RECORD ("DATE", IRRIGATION_DONE, FK_CROP, FK_PARCEL) VALUES ('2015-05-13', 3, 13, 1);
INSERT INTO IRRIGATION_RECORD ("DATE", IRRIGATION_DONE, FK_CROP, FK_PARCEL) VALUES ('2015-05-14', 2, 13, 1);
INSERT INTO IRRIGATION_RECORD ("DATE", IRRIGATION_DONE, FK_CROP, FK_PARCEL) VALUES ('2015-05-15', 1, 13, 1);
INSERT INTO IRRIGATION_RECORD ("DATE", IRRIGATION_DONE, FK_CROP, FK_PARCEL) VALUES ('2016-04-12', 6, 13, 1);
INSERT INTO IRRIGATION_RECORD ("DATE", IRRIGATION_DONE, FK_CROP, FK_PARCEL) VALUES ('2016-04-13', 6.5, 13, 1);
INSERT INTO IRRIGATION_RECORD ("DATE", IRRIGATION_DONE, FK_CROP, FK_PARCEL) VALUES ('2016-04-14', 5, 13, 1);
INSERT INTO IRRIGATION_RECORD ("DATE", IRRIGATION_DONE, FK_CROP, FK_PARCEL) VALUES ('2016-04-15', 4, 13, 1);
INSERT INTO IRRIGATION_RECORD ("DATE", IRRIGATION_DONE, FK_CROP, FK_PARCEL) VALUES ('2016-04-16', 3, 13, 1);
INSERT INTO IRRIGATION_RECORD ("DATE", IRRIGATION_DONE, FK_CROP, FK_PARCEL) VALUES ('2016-04-17', 2, 13, 1);
INSERT INTO IRRIGATION_RECORD ("DATE", IRRIGATION_DONE, FK_CROP, FK_PARCEL) VALUES ('2016-04-18', 1, 13, 1);
INSERT INTO IRRIGATION_RECORD ("DATE", IRRIGATION_DONE, FK_CROP, FK_PARCEL) VALUES ('2016-04-19', 1.5, 13, 1);
INSERT INTO IRRIGATION_RECORD ("DATE", IRRIGATION_DONE, FK_CROP, FK_PARCEL) VALUES ('2016-04-20', 0.5, 13, 1);
INSERT INTO IRRIGATION_RECORD ("DATE", IRRIGATION_DONE, FK_CROP, FK_PARCEL) VALUES ('2016-06-14', 7, 13, 1);
INSERT INTO IRRIGATION_RECORD ("DATE", IRRIGATION_DONE, FK_CROP, FK_PARCEL) VALUES ('2016-06-15', 7, 13, 1);
INSERT INTO IRRIGATION_RECORD ("DATE", IRRIGATION_DONE, FK_CROP, FK_PARCEL) VALUES ('2016-06-16', 2, 13, 1);
INSERT INTO IRRIGATION_RECORD ("DATE", IRRIGATION_DONE, FK_CROP, FK_PARCEL) VALUES ('2016-06-17', 1, 13, 1);
INSERT INTO IRRIGATION_RECORD ("DATE", IRRIGATION_DONE, FK_CROP, FK_PARCEL) VALUES ('2016-06-18', 4, 13, 1);
INSERT INTO IRRIGATION_RECORD ("DATE", IRRIGATION_DONE, FK_CROP, FK_PARCEL) VALUES ('2016-06-19', 5, 13, 1);
INSERT INTO IRRIGATION_RECORD ("DATE", IRRIGATION_DONE, FK_CROP, FK_PARCEL) VALUES ('2016-06-20', 6, 13, 1);
INSERT INTO IRRIGATION_RECORD ("DATE", IRRIGATION_DONE, FK_CROP, FK_PARCEL) VALUES ('2017-07-21', 1.3, 13, 1);
INSERT INTO IRRIGATION_RECORD ("DATE", IRRIGATION_DONE, FK_CROP, FK_PARCEL) VALUES ('2017-07-22', 2, 13, 1);
INSERT INTO IRRIGATION_RECORD ("DATE", IRRIGATION_DONE, FK_CROP, FK_PARCEL) VALUES ('2017-07-23', 3, 13, 1);
INSERT INTO IRRIGATION_RECORD ("DATE", IRRIGATION_DONE, FK_CROP, FK_PARCEL) VALUES ('2017-07-24', 4, 13, 1);
INSERT INTO IRRIGATION_RECORD ("DATE", IRRIGATION_DONE, FK_CROP, FK_PARCEL) VALUES ('2017-07-25', 5, 13, 1);
INSERT INTO IRRIGATION_RECORD ("DATE", IRRIGATION_DONE, FK_CROP, FK_PARCEL) VALUES ('2017-07-26', 6, 13, 1);
INSERT INTO IRRIGATION_RECORD ("DATE", IRRIGATION_DONE, FK_CROP, FK_PARCEL) VALUES ('2018-02-11', 1.5, 8, 1);
INSERT INTO IRRIGATION_RECORD ("DATE", IRRIGATION_DONE, FK_CROP, FK_PARCEL) VALUES ('2018-02-12', 2, 8, 1);
INSERT INTO IRRIGATION_RECORD ("DATE", IRRIGATION_DONE, FK_CROP, FK_PARCEL) VALUES ('2018-02-13', 1.5, 8, 1);
INSERT INTO IRRIGATION_RECORD ("DATE", IRRIGATION_DONE, FK_CROP, FK_PARCEL) VALUES ('2018-02-14', 5.5, 8, 1);
INSERT INTO IRRIGATION_RECORD ("DATE", IRRIGATION_DONE, FK_CROP, FK_PARCEL) VALUES ('2018-02-15', 5, 8, 1);
INSERT INTO IRRIGATION_RECORD ("DATE", IRRIGATION_DONE, FK_CROP, FK_PARCEL) VALUES ('2018-02-16', 1.5, 8, 1);
INSERT INTO IRRIGATION_RECORD ("DATE", IRRIGATION_DONE, FK_CROP, FK_PARCEL) VALUES ('2018-02-17', 3.5, 8, 1);
INSERT INTO IRRIGATION_RECORD ("DATE", IRRIGATION_DONE, FK_CROP, FK_PARCEL) VALUES ('2018-02-18', 4.5, 8, 1);
INSERT INTO IRRIGATION_RECORD ("DATE", IRRIGATION_DONE, FK_CROP, FK_PARCEL) VALUES ('2018-02-19', 7.5, 8, 1);
INSERT INTO IRRIGATION_RECORD ("DATE", IRRIGATION_DONE, FK_CROP, FK_PARCEL) VALUES ('2018-02-20', 8, 8, 1);
INSERT INTO IRRIGATION_RECORD ("DATE", IRRIGATION_DONE, FK_CROP, FK_PARCEL) VALUES ('2018-02-21', 9, 8, 1);
INSERT INTO IRRIGATION_RECORD ("DATE", IRRIGATION_DONE, FK_CROP, FK_PARCEL) VALUES ('2018-02-22', 2, 8, 1);
INSERT INTO IRRIGATION_RECORD ("DATE", IRRIGATION_DONE, FK_CROP, FK_PARCEL) VALUES ('2018-02-23', 1, 8, 1);
INSERT INTO IRRIGATION_RECORD ("DATE", IRRIGATION_DONE, FK_CROP, FK_PARCEL) VALUES ('2018-03-22', 2.3, 8, 1);
INSERT INTO IRRIGATION_RECORD ("DATE", IRRIGATION_DONE, FK_CROP, FK_PARCEL) VALUES ('2018-03-23', 4.3, 8, 1);
INSERT INTO IRRIGATION_RECORD ("DATE", IRRIGATION_DONE, FK_CROP, FK_PARCEL) VALUES ('2018-03-24', 5.3, 8, 1);
INSERT INTO IRRIGATION_RECORD ("DATE", IRRIGATION_DONE, FK_CROP, FK_PARCEL) VALUES ('2018-03-25', 2.3, 8, 1);
INSERT INTO IRRIGATION_RECORD ("DATE", IRRIGATION_DONE, FK_CROP, FK_PARCEL) VALUES ('2018-03-26', 1, 8, 1);
INSERT INTO IRRIGATION_RECORD ("DATE", IRRIGATION_DONE, FK_CROP, FK_PARCEL) VALUES ('2018-03-27', 2.2, 8, 1);
INSERT INTO IRRIGATION_RECORD ("DATE", IRRIGATION_DONE, FK_CROP, FK_PARCEL) VALUES ('2018-04-24', 3.3, 7, 1);
INSERT INTO IRRIGATION_RECORD ("DATE", IRRIGATION_DONE, FK_CROP, FK_PARCEL) VALUES ('2018-04-25', 2.5, 7, 1);
INSERT INTO IRRIGATION_RECORD ("DATE", IRRIGATION_DONE, FK_CROP, FK_PARCEL) VALUES ('2018-04-26', 3.5, 7, 1);
INSERT INTO IRRIGATION_RECORD ("DATE", IRRIGATION_DONE, FK_CROP, FK_PARCEL) VALUES ('2018-04-27', 4.3, 7, 1);
INSERT INTO IRRIGATION_RECORD ("DATE", IRRIGATION_DONE, FK_CROP, FK_PARCEL) VALUES ('2018-04-28', 2, 7, 1);
INSERT INTO IRRIGATION_RECORD ("DATE", IRRIGATION_DONE, FK_CROP, FK_PARCEL) VALUES ('2019-05-24', 4, 7, 1);
INSERT INTO IRRIGATION_RECORD ("DATE", IRRIGATION_DONE, FK_CROP, FK_PARCEL) VALUES ('2019-06-25', 5, 7, 1);
INSERT INTO IRRIGATION_RECORD ("DATE", IRRIGATION_DONE, FK_CROP, FK_PARCEL) VALUES ('2019-07-27', 4.5, 10, 1);
INSERT INTO IRRIGATION_RECORD ("DATE", IRRIGATION_DONE, FK_CROP, FK_PARCEL) VALUES ('2019-07-28', 2.3, 10, 1);
INSERT INTO IRRIGATION_RECORD ("DATE", IRRIGATION_DONE, FK_CROP, FK_PARCEL) VALUES ('2019-08-01', 4.4, 10, 1);
INSERT INTO IRRIGATION_RECORD ("DATE", IRRIGATION_DONE, FK_CROP, FK_PARCEL) VALUES ('2019-08-02', 5.1, 10, 1);
INSERT INTO IRRIGATION_RECORD ("DATE", IRRIGATION_DONE, FK_CROP, FK_PARCEL) VALUES ('2019-08-03', 3.5, 10, 1);
INSERT INTO IRRIGATION_RECORD ("DATE", IRRIGATION_DONE, FK_CROP, FK_PARCEL) VALUES ('2019-08-04', 4, 10, 1);
INSERT INTO IRRIGATION_RECORD ("DATE", IRRIGATION_DONE, FK_CROP, FK_PARCEL) VALUES ('2019-08-05', 5.5, 10, 1);
INSERT INTO IRRIGATION_RECORD ("DATE", IRRIGATION_DONE, FK_CROP, FK_PARCEL) VALUES ('2019-08-06', 5.9, 10, 1);
INSERT INTO IRRIGATION_RECORD ("DATE", IRRIGATION_DONE, FK_CROP, FK_PARCEL) VALUES ('2019-08-07', 6, 10, 1);
INSERT INTO IRRIGATION_RECORD ("DATE", IRRIGATION_DONE, FK_CROP, FK_PARCEL) VALUES ('2019-08-08', 7, 10, 1);
INSERT INTO IRRIGATION_RECORD ("DATE", IRRIGATION_DONE, FK_CROP, FK_PARCEL) VALUES ('2019-08-09', 8, 10, 1);
INSERT INTO IRRIGATION_RECORD ("DATE", IRRIGATION_DONE, FK_CROP, FK_PARCEL) VALUES ('2019-08-10', 8.5, 10, 1);
INSERT INTO IRRIGATION_RECORD ("DATE", IRRIGATION_DONE, FK_CROP, FK_PARCEL) VALUES ('2019-08-11', 2, 10, 1);
INSERT INTO IRRIGATION_RECORD ("DATE", IRRIGATION_DONE, FK_CROP, FK_PARCEL) VALUES ('2020-01-21', 6, 14, 1);
INSERT INTO IRRIGATION_RECORD ("DATE", IRRIGATION_DONE, FK_CROP, FK_PARCEL) VALUES ('2020-01-22', 2, 14, 1);
INSERT INTO IRRIGATION_RECORD ("DATE", IRRIGATION_DONE, FK_CROP, FK_PARCEL) VALUES ('2020-01-23', 4, 14, 1);
INSERT INTO IRRIGATION_RECORD ("DATE", IRRIGATION_DONE, FK_CROP, FK_PARCEL) VALUES ('2020-01-24', 5, 14, 1);
INSERT INTO IRRIGATION_RECORD ("DATE", IRRIGATION_DONE, FK_CROP, FK_PARCEL) VALUES ('2020-01-25', 1, 14, 1);
INSERT INTO IRRIGATION_RECORD ("DATE", IRRIGATION_DONE, FK_CROP, FK_PARCEL) VALUES ('2020-01-26', 0.2, 14, 1);
INSERT INTO IRRIGATION_RECORD ("DATE", IRRIGATION_DONE, FK_CROP, FK_PARCEL) VALUES ('2020-01-27', 0.5, 14, 1);
INSERT INTO IRRIGATION_RECORD ("DATE", IRRIGATION_DONE, FK_CROP, FK_PARCEL) VALUES ('2020-02-22', 2.6, 14, 1);
INSERT INTO IRRIGATION_RECORD ("DATE", IRRIGATION_DONE, FK_CROP, FK_PARCEL) VALUES ('2020-02-23', 3.6, 14, 1);
INSERT INTO IRRIGATION_RECORD ("DATE", IRRIGATION_DONE, FK_CROP, FK_PARCEL) VALUES ('2020-02-24', 4.6, 14, 1);
INSERT INTO IRRIGATION_RECORD ("DATE", IRRIGATION_DONE, FK_CROP, FK_PARCEL) VALUES ('2020-02-25', 5.6, 14, 1);
INSERT INTO IRRIGATION_RECORD ("DATE", IRRIGATION_DONE, FK_CROP, FK_PARCEL) VALUES ('2020-02-26', 1.6, 14, 1);
INSERT INTO IRRIGATION_RECORD ("DATE", IRRIGATION_DONE, FK_CROP, FK_PARCEL) VALUES ('2020-03-14', 3.4, 14, 1);
INSERT INTO IRRIGATION_RECORD ("DATE", IRRIGATION_DONE, FK_CROP, FK_PARCEL) VALUES ('2020-03-15', 3.9, 14, 1);
INSERT INTO IRRIGATION_RECORD ("DATE", IRRIGATION_DONE, FK_CROP, FK_PARCEL) VALUES ('2020-03-16', 2.2, 14, 1);
INSERT INTO IRRIGATION_RECORD ("DATE", IRRIGATION_DONE, FK_CROP, FK_PARCEL) VALUES ('2020-03-17', 2.1, 14, 1);
INSERT INTO IRRIGATION_RECORD ("DATE", IRRIGATION_DONE, FK_CROP, FK_PARCEL) VALUES ('2020-03-18', 0.5, 14, 1);
INSERT INTO IRRIGATION_RECORD ("DATE", IRRIGATION_DONE, FK_CROP, FK_PARCEL) VALUES ('2020-03-19', 3, 14, 1);
INSERT INTO IRRIGATION_RECORD ("DATE", IRRIGATION_DONE, FK_CROP, FK_PARCEL) VALUES ('2020-03-20', 4, 14, 1);
INSERT INTO IRRIGATION_RECORD ("DATE", IRRIGATION_DONE, FK_CROP, FK_PARCEL) VALUES ('2020-04-05', 5, 14, 1);
INSERT INTO IRRIGATION_RECORD ("DATE", IRRIGATION_DONE, FK_CROP, FK_PARCEL) VALUES ('2020-04-06', 5, 14, 1);
INSERT INTO IRRIGATION_RECORD ("DATE", IRRIGATION_DONE, FK_CROP, FK_PARCEL) VALUES ('2020-04-07', 1, 14, 1);
INSERT INTO IRRIGATION_RECORD ("DATE", IRRIGATION_DONE, FK_CROP, FK_PARCEL) VALUES ('2020-04-08', 2, 14, 1);
INSERT INTO IRRIGATION_RECORD ("DATE", IRRIGATION_DONE, FK_CROP, FK_PARCEL) VALUES ('2020-04-09', 4, 14, 1);
INSERT INTO IRRIGATION_RECORD ("DATE", IRRIGATION_DONE, FK_CROP, FK_PARCEL) VALUES ('2020-04-10', 7, 14, 1);
INSERT INTO IRRIGATION_RECORD ("DATE", IRRIGATION_DONE, FK_CROP, FK_PARCEL) VALUES ('2020-04-11', 1.5, 14, 1);
INSERT INTO IRRIGATION_RECORD ("DATE", IRRIGATION_DONE, FK_CROP, FK_PARCEL) VALUES ('2020-05-09', 1, 14, 1);
INSERT INTO IRRIGATION_RECORD ("DATE", IRRIGATION_DONE, FK_CROP, FK_PARCEL) VALUES ('2020-05-10', 1.5, 14, 1);
INSERT INTO IRRIGATION_RECORD ("DATE", IRRIGATION_DONE, FK_CROP, FK_PARCEL) VALUES ('2020-05-11', 2.5, 14, 1);
INSERT INTO IRRIGATION_RECORD ("DATE", IRRIGATION_DONE, FK_CROP, FK_PARCEL) VALUES ('2020-05-12', 3.4, 14, 1);
INSERT INTO IRRIGATION_RECORD ("DATE", IRRIGATION_DONE, FK_CROP, FK_PARCEL) VALUES ('2020-05-13', 4, 14, 1);
INSERT INTO IRRIGATION_RECORD ("DATE", IRRIGATION_DONE, FK_CROP, FK_PARCEL) VALUES ('2020-05-14', 5, 14, 1);
INSERT INTO IRRIGATION_RECORD ("DATE", IRRIGATION_DONE, FK_CROP, FK_PARCEL) VALUES ('2020-05-15', 6, 14, 1);
INSERT INTO IRRIGATION_RECORD ("DATE", IRRIGATION_DONE, FK_CROP, FK_PARCEL) VALUES ('2020-06-11', 2, 14, 1);
INSERT INTO IRRIGATION_RECORD ("DATE", IRRIGATION_DONE, FK_CROP, FK_PARCEL) VALUES ('2020-06-12', 5, 14, 1);
INSERT INTO IRRIGATION_RECORD ("DATE", IRRIGATION_DONE, FK_CROP, FK_PARCEL) VALUES ('2020-06-13', 4, 14, 1);
INSERT INTO IRRIGATION_RECORD ("DATE", IRRIGATION_DONE, FK_CROP, FK_PARCEL) VALUES ('2020-06-14', 3, 14, 1);
INSERT INTO IRRIGATION_RECORD ("DATE", IRRIGATION_DONE, FK_CROP, FK_PARCEL) VALUES ('2020-06-15', 2, 14, 1);
INSERT INTO IRRIGATION_RECORD ("DATE", IRRIGATION_DONE, FK_CROP, FK_PARCEL) VALUES ('2020-06-16', 2, 14, 1);
INSERT INTO IRRIGATION_RECORD ("DATE", IRRIGATION_DONE, FK_CROP, FK_PARCEL) VALUES ('2020-06-17', 1, 14, 1);
INSERT INTO IRRIGATION_RECORD ("DATE", IRRIGATION_DONE, FK_CROP, FK_PARCEL) VALUES ('2020-06-18', 1.5, 14, 1);
INSERT INTO IRRIGATION_RECORD ("DATE", IRRIGATION_DONE, FK_CROP, FK_PARCEL) VALUES ('2020-06-19', 2.9, 14, 1);
INSERT INTO IRRIGATION_RECORD ("DATE", IRRIGATION_DONE, FK_CROP, FK_PARCEL) VALUES ('2020-07-01', 3, 14, 1);
INSERT INTO IRRIGATION_RECORD ("DATE", IRRIGATION_DONE, FK_CROP, FK_PARCEL) VALUES ('2020-07-02', 3, 14, 1);
INSERT INTO IRRIGATION_RECORD ("DATE", IRRIGATION_DONE, FK_CROP, FK_PARCEL) VALUES ('2020-07-03', 4, 14, 1);
INSERT INTO IRRIGATION_RECORD ("DATE", IRRIGATION_DONE, FK_CROP, FK_PARCEL) VALUES ('2020-07-04', 5, 14, 1);
INSERT INTO IRRIGATION_RECORD ("DATE", IRRIGATION_DONE, FK_CROP, FK_PARCEL) VALUES ('2020-07-05', 1, 14, 1);
INSERT INTO IRRIGATION_RECORD ("DATE", IRRIGATION_DONE, FK_CROP, FK_PARCEL) VALUES ('2020-07-06', 2, 14, 1);
INSERT INTO IRRIGATION_RECORD ("DATE", IRRIGATION_DONE, FK_CROP, FK_PARCEL) VALUES ('2020-07-07', 8, 14, 1);
INSERT INTO IRRIGATION_RECORD ("DATE", IRRIGATION_DONE, FK_CROP, FK_PARCEL) VALUES ('2020-08-27', 4, 14, 1);
INSERT INTO IRRIGATION_RECORD ("DATE", IRRIGATION_DONE, FK_CROP, FK_PARCEL) VALUES ('2020-09-28', 5.5, 14, 1);
INSERT INTO IRRIGATION_RECORD ("DATE", IRRIGATION_DONE, FK_CROP, FK_PARCEL) VALUES ('2020-10-19', 4.2, 14, 1);
INSERT INTO IRRIGATION_RECORD ("DATE", IRRIGATION_DONE, FK_CROP, FK_PARCEL) VALUES ('2020-10-20', 4, 14, 1);
INSERT INTO IRRIGATION_RECORD ("DATE", IRRIGATION_DONE, FK_CROP, FK_PARCEL) VALUES ('2020-10-21', 5.2, 14, 1);
INSERT INTO IRRIGATION_RECORD ("DATE", IRRIGATION_DONE, FK_CROP, FK_PARCEL) VALUES ('2020-10-22', 1, 14, 1);
INSERT INTO IRRIGATION_RECORD ("DATE", IRRIGATION_DONE, FK_CROP, FK_PARCEL) VALUES ('2020-10-23', 2, 14, 1);
INSERT INTO IRRIGATION_RECORD ("DATE", IRRIGATION_DONE, FK_CROP, FK_PARCEL) VALUES ('2020-10-24', 3, 14, 1);
INSERT INTO IRRIGATION_RECORD ("DATE", IRRIGATION_DONE, FK_CROP, FK_PARCEL) VALUES ('2020-10-25', 1.5, 14, 1);
INSERT INTO IRRIGATION_RECORD ("DATE", IRRIGATION_DONE, FK_CROP, FK_PARCEL) VALUES ('2021-01-19', 4.2, 17, 1);
INSERT INTO IRRIGATION_RECORD ("DATE", IRRIGATION_DONE, FK_CROP, FK_PARCEL) VALUES ('2021-01-20', 6, 17, 1);
INSERT INTO IRRIGATION_RECORD ("DATE", IRRIGATION_DONE, FK_CROP, FK_PARCEL) VALUES ('2021-01-21', 7, 17, 1);
INSERT INTO IRRIGATION_RECORD ("DATE", IRRIGATION_DONE, FK_CROP, FK_PARCEL) VALUES ('2021-01-22', 4.4, 17, 1);
INSERT INTO IRRIGATION_RECORD ("DATE", IRRIGATION_DONE, FK_CROP, FK_PARCEL) VALUES ('2021-01-23', 5.1, 17, 1);
INSERT INTO IRRIGATION_RECORD ("DATE", IRRIGATION_DONE, FK_CROP, FK_PARCEL) VALUES ('2021-01-24', 6.9, 17, 1);
INSERT INTO IRRIGATION_RECORD ("DATE", IRRIGATION_DONE, FK_CROP, FK_PARCEL) VALUES ('2021-02-15', 3.4, 17, 1);
INSERT INTO IRRIGATION_RECORD ("DATE", IRRIGATION_DONE, FK_CROP, FK_PARCEL) VALUES ('2021-02-16', 1.4, 17, 1);
INSERT INTO IRRIGATION_RECORD ("DATE", IRRIGATION_DONE, FK_CROP, FK_PARCEL) VALUES ('2021-02-17', 2.5, 17, 1);
INSERT INTO IRRIGATION_RECORD ("DATE", IRRIGATION_DONE, FK_CROP, FK_PARCEL) VALUES ('2021-02-18', 3.3, 17, 1);
INSERT INTO IRRIGATION_RECORD ("DATE", IRRIGATION_DONE, FK_CROP, FK_PARCEL) VALUES ('2021-02-19', 4.9, 17, 1);
INSERT INTO IRRIGATION_RECORD ("DATE", IRRIGATION_DONE, FK_CROP, FK_PARCEL) VALUES ('2021-02-20', 5, 17, 1);
INSERT INTO IRRIGATION_RECORD ("DATE", IRRIGATION_DONE, FK_CROP, FK_PARCEL) VALUES ('2021-02-21', 6, 17, 1);
INSERT INTO IRRIGATION_RECORD ("DATE", IRRIGATION_DONE, FK_CROP, FK_PARCEL) VALUES ('2021-02-22', 7, 17, 1);
INSERT INTO IRRIGATION_RECORD ("DATE", IRRIGATION_DONE, FK_CROP, FK_PARCEL) VALUES ('2021-02-23', 1.2, 17, 1);
INSERT INTO IRRIGATION_RECORD ("DATE", IRRIGATION_DONE, FK_CROP, FK_PARCEL) VALUES ('2021-03-12', 2.3, 17, 1);
INSERT INTO IRRIGATION_RECORD ("DATE", IRRIGATION_DONE, FK_CROP, FK_PARCEL) VALUES ('2021-04-15', 1.5, 17, 1);
INSERT INTO IRRIGATION_RECORD ("DATE", IRRIGATION_DONE, FK_CROP, FK_PARCEL) VALUES ('2021-05-21', 5, 17, 1);
INSERT INTO IRRIGATION_RECORD ("DATE", IRRIGATION_DONE, FK_CROP, FK_PARCEL) VALUES ('2021-06-22', 6, 17, 1);
INSERT INTO IRRIGATION_RECORD ("DATE", IRRIGATION_DONE, FK_CROP, FK_PARCEL) VALUES ('2021-07-25', 7, 17, 1);
INSERT INTO IRRIGATION_RECORD ("DATE", IRRIGATION_DONE, FK_CROP, FK_PARCEL) VALUES ('2021-08-01', 1.2, 17, 1);
INSERT INTO IRRIGATION_RECORD ("DATE", IRRIGATION_DONE, FK_CROP, FK_PARCEL) VALUES ('2021-09-05', 2.3, 17, 1);
INSERT INTO IRRIGATION_RECORD ("DATE", IRRIGATION_DONE, FK_CROP, FK_PARCEL) VALUES ('2022-03-26', 4.3, 17, 1);
INSERT INTO IRRIGATION_RECORD ("DATE", IRRIGATION_DONE, FK_CROP, FK_PARCEL) VALUES ('2022-03-27', 4, 17, 1);
INSERT INTO IRRIGATION_RECORD ("DATE", IRRIGATION_DONE, FK_CROP, FK_PARCEL) VALUES ('2022-03-28', 5, 17, 1);
INSERT INTO IRRIGATION_RECORD ("DATE", IRRIGATION_DONE, FK_CROP, FK_PARCEL) VALUES ('2022-03-29', 2.5, 17, 1);
INSERT INTO IRRIGATION_RECORD ("DATE", IRRIGATION_DONE, FK_CROP, FK_PARCEL) VALUES ('2022-04-01', 5.5, 17, 1);
INSERT INTO IRRIGATION_RECORD ("DATE", IRRIGATION_DONE, FK_CROP, FK_PARCEL) VALUES ('2022-04-02', 5, 17, 1);
INSERT INTO IRRIGATION_RECORD ("DATE", IRRIGATION_DONE, FK_CROP, FK_PARCEL) VALUES ('2022-04-03', 2, 17, 1);
INSERT INTO IRRIGATION_RECORD ("DATE", IRRIGATION_DONE, FK_CROP, FK_PARCEL) VALUES ('2022-04-04', 1, 17, 1);
INSERT INTO IRRIGATION_RECORD ("DATE", IRRIGATION_DONE, FK_CROP, FK_PARCEL) VALUES ('2022-04-05', 1.5, 17, 1);
INSERT INTO IRRIGATION_RECORD ("DATE", IRRIGATION_DONE, FK_CROP, FK_PARCEL) VALUES ('2022-04-06', 1.2, 17, 1);
INSERT INTO IRRIGATION_RECORD ("DATE", IRRIGATION_DONE, FK_CROP, FK_PARCEL) VALUES ('2022-04-07', 3, 17, 1);
INSERT INTO IRRIGATION_RECORD ("DATE", IRRIGATION_DONE, FK_CROP, FK_PARCEL) VALUES ('2022-04-08', 4, 17, 1);
INSERT INTO IRRIGATION_RECORD ("DATE", IRRIGATION_DONE, FK_CROP, FK_PARCEL) VALUES ('2022-04-09', 2, 17, 1);
INSERT INTO IRRIGATION_RECORD ("DATE", IRRIGATION_DONE, FK_CROP, FK_PARCEL) VALUES ('2022-04-10', 2.2, 17, 1);
INSERT INTO IRRIGATION_RECORD ("DATE", IRRIGATION_DONE, FK_CROP, FK_PARCEL) VALUES ('2022-04-11', 3.2, 17, 1);
INSERT INTO IRRIGATION_RECORD ("DATE", IRRIGATION_DONE, FK_CROP, FK_PARCEL) VALUES ('2022-04-12', 4.2, 17, 1);
INSERT INTO IRRIGATION_RECORD ("DATE", IRRIGATION_DONE, FK_CROP, FK_PARCEL) VALUES ('2022-04-13', 5.2, 17, 1);
INSERT INTO IRRIGATION_RECORD ("DATE", IRRIGATION_DONE, FK_CROP, FK_PARCEL) VALUES ('2022-04-14', 6, 17, 1);
INSERT INTO IRRIGATION_RECORD ("DATE", IRRIGATION_DONE, FK_CROP, FK_PARCEL) VALUES ('2022-04-15', 7, 17, 1);
INSERT INTO IRRIGATION_RECORD ("DATE", IRRIGATION_DONE, FK_CROP, FK_PARCEL) VALUES ('2022-04-16', 2, 17, 1);
INSERT INTO IRRIGATION_RECORD ("DATE", IRRIGATION_DONE, FK_CROP, FK_PARCEL) VALUES ('2022-04-17', 4, 17, 1);
INSERT INTO IRRIGATION_RECORD ("DATE", IRRIGATION_DONE, FK_CROP, FK_PARCEL) VALUES ('2022-04-18', 1, 17, 1);
INSERT INTO IRRIGATION_RECORD ("DATE", IRRIGATION_DONE, FK_CROP, FK_PARCEL) VALUES ('2022-04-19', 3, 17, 1);
INSERT INTO IRRIGATION_RECORD ("DATE", IRRIGATION_DONE, FK_CROP, FK_PARCEL) VALUES ('2022-04-20', 8, 17, 1);
INSERT INTO IRRIGATION_RECORD ("DATE", IRRIGATION_DONE, FK_CROP, FK_PARCEL) VALUES ('2022-04-21', 2, 17, 1);
INSERT INTO IRRIGATION_RECORD ("DATE", IRRIGATION_DONE, FK_CROP, FK_PARCEL) VALUES ('2022-04-22', 1.2, 17, 1);
INSERT INTO IRRIGATION_RECORD ("DATE", IRRIGATION_DONE, FK_CROP, FK_PARCEL) VALUES ('2022-04-23', 1.3, 17, 1);
INSERT INTO IRRIGATION_RECORD ("DATE", IRRIGATION_DONE, FK_CROP, FK_PARCEL) VALUES ('2022-04-24', 0.5, 17, 1);
INSERT INTO IRRIGATION_RECORD ("DATE", IRRIGATION_DONE, FK_CROP, FK_PARCEL) VALUES ('2022-04-25', 4, 17, 1);
INSERT INTO IRRIGATION_RECORD ("DATE", IRRIGATION_DONE, FK_CROP, FK_PARCEL) VALUES ('2022-04-26', 1, 17, 1);
INSERT INTO IRRIGATION_RECORD ("DATE", IRRIGATION_DONE, FK_CROP, FK_PARCEL) VALUES ('2022-04-27', 2, 17, 1);
INSERT INTO IRRIGATION_RECORD ("DATE", IRRIGATION_DONE, FK_CROP, FK_PARCEL) VALUES ('2022-04-28', 3, 17, 1);
INSERT INTO IRRIGATION_RECORD ("DATE", IRRIGATION_DONE, FK_CROP, FK_PARCEL) VALUES ('2022-04-29', 2, 17, 1);
INSERT INTO IRRIGATION_RECORD ("DATE", IRRIGATION_DONE, FK_CROP, FK_PARCEL) VALUES ('2022-05-01', 3, 17, 1);
INSERT INTO IRRIGATION_RECORD ("DATE", IRRIGATION_DONE, FK_CROP, FK_PARCEL) VALUES ('2022-05-02', 2, 17, 1);
INSERT INTO IRRIGATION_RECORD ("DATE", IRRIGATION_DONE, FK_CROP, FK_PARCEL) VALUES ('2022-05-03', 1, 17, 1);
INSERT INTO IRRIGATION_RECORD ("DATE", IRRIGATION_DONE, FK_CROP, FK_PARCEL) VALUES ('2022-05-04', 1.5, 17, 1);
INSERT INTO IRRIGATION_RECORD ("DATE", IRRIGATION_DONE, FK_CROP, FK_PARCEL) VALUES ('2022-05-05', 2.2, 17, 1);
INSERT INTO IRRIGATION_RECORD ("DATE", IRRIGATION_DONE, FK_CROP, FK_PARCEL) VALUES ('2022-05-06', 1.2, 17, 1);
INSERT INTO IRRIGATION_RECORD ("DATE", IRRIGATION_DONE, FK_CROP, FK_PARCEL) VALUES ('2022-05-07', 4.2, 17, 1);
INSERT INTO IRRIGATION_RECORD ("DATE", IRRIGATION_DONE, FK_CROP, FK_PARCEL) VALUES ('2022-05-08', 5.2, 17, 1);
INSERT INTO IRRIGATION_RECORD ("DATE", IRRIGATION_DONE, FK_CROP, FK_PARCEL) VALUES ('2022-05-09', 2.2, 17, 1);
INSERT INTO IRRIGATION_RECORD ("DATE", IRRIGATION_DONE, FK_CROP, FK_PARCEL) VALUES ('2022-05-10', 8.2, 17, 1);
INSERT INTO IRRIGATION_RECORD ("DATE", IRRIGATION_DONE, FK_CROP, FK_PARCEL) VALUES ('2022-05-11', 2, 17, 1);
INSERT INTO IRRIGATION_RECORD ("DATE", IRRIGATION_DONE, FK_CROP, FK_PARCEL) VALUES ('2022-05-12', 3, 17, 1);
INSERT INTO IRRIGATION_RECORD ("DATE", IRRIGATION_DONE, FK_CROP, FK_PARCEL) VALUES ('2022-05-13', 1, 17, 1);
INSERT INTO IRRIGATION_RECORD ("DATE", IRRIGATION_DONE, FK_CROP, FK_PARCEL) VALUES ('2022-05-14', 1.2, 17, 1);
INSERT INTO IRRIGATION_RECORD ("DATE", IRRIGATION_DONE, FK_CROP, FK_PARCEL) VALUES ('2022-05-15', 2, 17, 1);
INSERT INTO IRRIGATION_RECORD ("DATE", IRRIGATION_DONE, FK_CROP, FK_PARCEL) VALUES ('2022-05-16', 3, 17, 1);
INSERT INTO IRRIGATION_RECORD ("DATE", IRRIGATION_DONE, FK_CROP, FK_PARCEL) VALUES ('2022-05-17', 5, 17, 1);
INSERT INTO IRRIGATION_RECORD ("DATE", IRRIGATION_DONE, FK_CROP, FK_PARCEL) VALUES ('2022-05-18', 6, 17, 1);
INSERT INTO IRRIGATION_RECORD ("DATE", IRRIGATION_DONE, FK_CROP, FK_PARCEL) VALUES ('2022-05-19', 1, 17, 1);
INSERT INTO IRRIGATION_RECORD ("DATE", IRRIGATION_DONE, FK_CROP, FK_PARCEL) VALUES ('2022-05-20', 2, 17, 1);
INSERT INTO IRRIGATION_RECORD ("DATE", IRRIGATION_DONE, FK_CROP, FK_PARCEL) VALUES ('2022-05-21', 1, 17, 1);
INSERT INTO IRRIGATION_RECORD ("DATE", IRRIGATION_DONE, FK_CROP, FK_PARCEL) VALUES ('2022-05-22', 3, 17, 1);
INSERT INTO IRRIGATION_RECORD ("DATE", IRRIGATION_DONE, FK_CROP, FK_PARCEL) VALUES ('2022-05-23', 5, 17, 1);
INSERT INTO IRRIGATION_RECORD ("DATE", IRRIGATION_DONE, FK_CROP, FK_PARCEL) VALUES ('2022-05-24', 6, 17, 1);
INSERT INTO IRRIGATION_RECORD ("DATE", IRRIGATION_DONE, FK_CROP, FK_PARCEL) VALUES ('2022-06-01', 1, 17, 1);
INSERT INTO IRRIGATION_RECORD ("DATE", IRRIGATION_DONE, FK_CROP, FK_PARCEL) VALUES ('2022-06-02', 2, 17, 1);
INSERT INTO IRRIGATION_RECORD ("DATE", IRRIGATION_DONE, FK_CROP, FK_PARCEL) VALUES ('2022-06-03', 6, 17, 1);
INSERT INTO IRRIGATION_RECORD ("DATE", IRRIGATION_DONE, FK_CROP, FK_PARCEL) VALUES ('2022-06-04', 2, 17, 1);
INSERT INTO IRRIGATION_RECORD ("DATE", IRRIGATION_DONE, FK_CROP, FK_PARCEL) VALUES ('2022-06-05', 4, 17, 1);
INSERT INTO IRRIGATION_RECORD ("DATE", IRRIGATION_DONE, FK_CROP, FK_PARCEL) VALUES ('2022-06-06', 3, 17, 1);
INSERT INTO IRRIGATION_RECORD ("DATE", IRRIGATION_DONE, FK_CROP, FK_PARCEL) VALUES ('2022-06-07', 3.5, 17, 1);
INSERT INTO IRRIGATION_RECORD ("DATE", IRRIGATION_DONE, FK_CROP, FK_PARCEL) VALUES ('2022-06-08', 2.5, 17, 1);
INSERT INTO IRRIGATION_RECORD ("DATE", IRRIGATION_DONE, FK_CROP, FK_PARCEL) VALUES ('2022-06-09', 1.8, 17, 1);
INSERT INTO IRRIGATION_RECORD ("DATE", IRRIGATION_DONE, FK_CROP, FK_PARCEL) VALUES ('2022-06-10', 1.1, 17, 1);
INSERT INTO IRRIGATION_RECORD ("DATE", IRRIGATION_DONE, FK_CROP, FK_PARCEL) VALUES ('2022-06-11', 2.2, 17, 1);
INSERT INTO IRRIGATION_RECORD ("DATE", IRRIGATION_DONE, FK_CROP, FK_PARCEL) VALUES ('2022-06-12', 3.5, 17, 1);
INSERT INTO IRRIGATION_RECORD ("DATE", IRRIGATION_DONE, FK_CROP, FK_PARCEL) VALUES ('2022-06-13', 2.5, 17, 1);
INSERT INTO IRRIGATION_RECORD ("DATE", IRRIGATION_DONE, FK_CROP, FK_PARCEL) VALUES ('2022-06-14', 3.5, 17, 1);
INSERT INTO IRRIGATION_RECORD ("DATE", IRRIGATION_DONE, FK_CROP, FK_PARCEL) VALUES ('2022-06-15', 4.5, 17, 1);
INSERT INTO IRRIGATION_RECORD ("DATE", IRRIGATION_DONE, FK_CROP, FK_PARCEL) VALUES ('2022-06-16', 5.5, 17, 1);
INSERT INTO IRRIGATION_RECORD ("DATE", IRRIGATION_DONE, FK_CROP, FK_PARCEL) VALUES ('2022-06-17', 1.5, 17, 1);
INSERT INTO IRRIGATION_RECORD ("DATE", IRRIGATION_DONE, FK_CROP, FK_PARCEL) VALUES ('2022-06-18', 5.5, 17, 1);
INSERT INTO IRRIGATION_RECORD ("DATE", IRRIGATION_DONE, FK_CROP, FK_PARCEL) VALUES ('2022-06-19', 4.5, 17, 1);
INSERT INTO IRRIGATION_RECORD ("DATE", IRRIGATION_DONE, FK_CROP, FK_PARCEL) VALUES ('2022-06-20', 3.5, 17, 1);
INSERT INTO IRRIGATION_RECORD ("DATE", IRRIGATION_DONE, FK_CROP, FK_PARCEL) VALUES ('2022-06-21', 2.5, 17, 1);
INSERT INTO IRRIGATION_RECORD ("DATE", IRRIGATION_DONE, FK_CROP, FK_PARCEL) VALUES ('2022-06-22', 1.2, 17, 1);
INSERT INTO IRRIGATION_RECORD ("DATE", IRRIGATION_DONE, FK_CROP, FK_PARCEL) VALUES ('2022-06-23', 1.1, 17, 1);
INSERT INTO IRRIGATION_RECORD ("DATE", IRRIGATION_DONE, FK_CROP, FK_PARCEL) VALUES ('2022-06-24', 1.5, 17, 1);
INSERT INTO IRRIGATION_RECORD ("DATE", IRRIGATION_DONE, FK_CROP, FK_PARCEL) VALUES ('2022-06-25', 0.5, 17, 1);
INSERT INTO IRRIGATION_RECORD ("DATE", IRRIGATION_DONE, FK_CROP, FK_PARCEL) VALUES ('2022-06-26', 2, 17, 1);
INSERT INTO IRRIGATION_RECORD ("DATE", IRRIGATION_DONE, FK_CROP, FK_PARCEL) VALUES ('2022-06-27', 5.5, 17, 1);
INSERT INTO IRRIGATION_RECORD ("DATE", IRRIGATION_DONE, FK_CROP, FK_PARCEL) VALUES ('2022-06-28', 8, 17, 1);