INSERT INTO PLANTING_RECORD (CROP_IRRIGATION_WATER_NEED, HARVEST_DATE, SEED_DATE, FK_CROP, FK_PARCEL, FK_STATUS) VALUES ('n/a', '1976-05-23', '1976-01-15', 21, 1, 1);
INSERT INTO PLANTING_RECORD (CROP_IRRIGATION_WATER_NEED, HARVEST_DATE, SEED_DATE, FK_CROP, FK_PARCEL, FK_STATUS) VALUES ('n/a', '1976-10-02', '1976-05-26', 21, 1, 1);
INSERT INTO PLANTING_RECORD (CROP_IRRIGATION_WATER_NEED, HARVEST_DATE, SEED_DATE, FK_CROP, FK_PARCEL, FK_STATUS) VALUES ('n/a', '1977-02-27', '1976-10-21', 21, 1, 1);
INSERT INTO PLANTING_RECORD (CROP_IRRIGATION_WATER_NEED, HARVEST_DATE, SEED_DATE, FK_CROP, FK_PARCEL, FK_STATUS) VALUES ('n/a', '1977-07-14', '1977-03-07', 21, 1, 1);
INSERT INTO PLANTING_RECORD (CROP_IRRIGATION_WATER_NEED, HARVEST_DATE, SEED_DATE, FK_CROP, FK_PARCEL, FK_STATUS) VALUES ('n/a', '1977-10-28', '1977-08-05', 23, 1, 1);
INSERT INTO PLANTING_RECORD (CROP_IRRIGATION_WATER_NEED, HARVEST_DATE, SEED_DATE, FK_CROP, FK_PARCEL, FK_STATUS) VALUES ('n/a', '1978-10-30', '1977-11-05', 24, 1, 1);
INSERT INTO PLANTING_RECORD (CROP_IRRIGATION_WATER_NEED, HARVEST_DATE, SEED_DATE, FK_CROP, FK_PARCEL, FK_STATUS) VALUES ('n/a', '1979-11-17', '1978-11-23', 24, 1, 1);
INSERT INTO PLANTING_RECORD (CROP_IRRIGATION_WATER_NEED, HARVEST_DATE, SEED_DATE, FK_CROP, FK_PARCEL, FK_STATUS) VALUES ('n/a', '1980-12-11', '1979-12-18', 24, 1, 1);
INSERT INTO PLANTING_RECORD (CROP_IRRIGATION_WATER_NEED, HARVEST_DATE, SEED_DATE, FK_CROP, FK_PARCEL, FK_STATUS) VALUES ('n/a', '1981-12-25', '1980-12-31', 24, 1, 1);
INSERT INTO PLANTING_RECORD (CROP_IRRIGATION_WATER_NEED, HARVEST_DATE, SEED_DATE, FK_CROP, FK_PARCEL, FK_STATUS) VALUES ('n/a', '1982-12-21', '1981-12-27', 24, 1, 1);
INSERT INTO PLANTING_RECORD (CROP_IRRIGATION_WATER_NEED, HARVEST_DATE, SEED_DATE, FK_CROP, FK_PARCEL, FK_STATUS) VALUES ('n/a', '1983-05-09', '1982-12-26', 1, 1, 1);
INSERT INTO PLANTING_RECORD (CROP_IRRIGATION_WATER_NEED, HARVEST_DATE, SEED_DATE, FK_CROP, FK_PARCEL, FK_STATUS) VALUES ('n/a', '1983-10-01', '1983-05-20', 1, 1, 1);
INSERT INTO PLANTING_RECORD (CROP_IRRIGATION_WATER_NEED, HARVEST_DATE, SEED_DATE, FK_CROP, FK_PARCEL, FK_STATUS) VALUES ('n/a', '1984-02-15', '1983-10-04', 1, 1, 1);
INSERT INTO PLANTING_RECORD (CROP_IRRIGATION_WATER_NEED, HARVEST_DATE, SEED_DATE, FK_CROP, FK_PARCEL, FK_STATUS) VALUES ('n/a', '1984-07-23', '1984-03-11', 1, 1, 1);
INSERT INTO PLANTING_RECORD (CROP_IRRIGATION_WATER_NEED, HARVEST_DATE, SEED_DATE, FK_CROP, FK_PARCEL, FK_STATUS) VALUES ('n/a', '1984-12-16', '1984-08-04', 1, 1, 1);
INSERT INTO PLANTING_RECORD (CROP_IRRIGATION_WATER_NEED, HARVEST_DATE, SEED_DATE, FK_CROP, FK_PARCEL, FK_STATUS) VALUES ('n/a', '1985-05-21', '1985-01-07', 1, 1, 1);
INSERT INTO PLANTING_RECORD (CROP_IRRIGATION_WATER_NEED, HARVEST_DATE, SEED_DATE, FK_CROP, FK_PARCEL, FK_STATUS) VALUES ('n/a', '1985-10-17', '1985-06-05', 1, 1, 1);
INSERT INTO PLANTING_RECORD (CROP_IRRIGATION_WATER_NEED, HARVEST_DATE, SEED_DATE, FK_CROP, FK_PARCEL, FK_STATUS) VALUES ('n/a', '1986-03-12', '1985-10-29', 1, 1, 1);
INSERT INTO PLANTING_RECORD (CROP_IRRIGATION_WATER_NEED, HARVEST_DATE, SEED_DATE, FK_CROP, FK_PARCEL, FK_STATUS) VALUES ('n/a', '1986-07-30', '1986-03-28', 12, 1, 1);
INSERT INTO PLANTING_RECORD (CROP_IRRIGATION_WATER_NEED, HARVEST_DATE, SEED_DATE, FK_CROP, FK_PARCEL, FK_STATUS) VALUES ('n/a', '1986-12-15', '1986-08-13', 12, 1, 1);
INSERT INTO PLANTING_RECORD (CROP_IRRIGATION_WATER_NEED, HARVEST_DATE, SEED_DATE, FK_CROP, FK_PARCEL, FK_STATUS) VALUES ('n/a', '1987-05-04', '1986-12-31', 12, 1, 1);
INSERT INTO PLANTING_RECORD (CROP_IRRIGATION_WATER_NEED, HARVEST_DATE, SEED_DATE, FK_CROP, FK_PARCEL, FK_STATUS) VALUES ('n/a', '1987-10-12', '1987-05-31', 13, 1, 1);
INSERT INTO PLANTING_RECORD (CROP_IRRIGATION_WATER_NEED, HARVEST_DATE, SEED_DATE, FK_CROP, FK_PARCEL, FK_STATUS) VALUES ('n/a', '1988-02-27', '1987-10-16', 13, 1, 1);
INSERT INTO PLANTING_RECORD (CROP_IRRIGATION_WATER_NEED, HARVEST_DATE, SEED_DATE, FK_CROP, FK_PARCEL, FK_STATUS) VALUES ('n/a', '1988-07-25', '1988-03-13', 13, 1, 1);
INSERT INTO PLANTING_RECORD (CROP_IRRIGATION_WATER_NEED, HARVEST_DATE, SEED_DATE, FK_CROP, FK_PARCEL, FK_STATUS) VALUES ('n/a', '1988-12-09', '1988-07-28', 13, 1, 1);
INSERT INTO PLANTING_RECORD (CROP_IRRIGATION_WATER_NEED, HARVEST_DATE, SEED_DATE, FK_CROP, FK_PARCEL, FK_STATUS) VALUES ('n/a', '1989-05-11', '1988-12-28', 13, 1, 1);
INSERT INTO PLANTING_RECORD (CROP_IRRIGATION_WATER_NEED, HARVEST_DATE, SEED_DATE, FK_CROP, FK_PARCEL, FK_STATUS) VALUES ('n/a', '1989-10-17', '1989-06-05', 13, 1, 1);
INSERT INTO PLANTING_RECORD (CROP_IRRIGATION_WATER_NEED, HARVEST_DATE, SEED_DATE, FK_CROP, FK_PARCEL, FK_STATUS) VALUES ('n/a', '1990-03-09', '1989-10-26', 13, 1, 1);
INSERT INTO PLANTING_RECORD (CROP_IRRIGATION_WATER_NEED, HARVEST_DATE, SEED_DATE, FK_CROP, FK_PARCEL, FK_STATUS) VALUES ('n/a', '1990-07-24', '1990-03-12', 13, 1, 1);
INSERT INTO PLANTING_RECORD (CROP_IRRIGATION_WATER_NEED, HARVEST_DATE, SEED_DATE, FK_CROP, FK_PARCEL, FK_STATUS) VALUES ('n/a', '1990-12-31', '1990-08-19', 13, 1, 1);
INSERT INTO PLANTING_RECORD (CROP_IRRIGATION_WATER_NEED, HARVEST_DATE, SEED_DATE, FK_CROP, FK_PARCEL, FK_STATUS) VALUES ('n/a', '1991-05-15', '1991-01-01', 13, 1, 1);
INSERT INTO PLANTING_RECORD (CROP_IRRIGATION_WATER_NEED, HARVEST_DATE, SEED_DATE, FK_CROP, FK_PARCEL, FK_STATUS) VALUES ('n/a', '1991-10-24', '1991-06-12', 13, 1, 1);
INSERT INTO PLANTING_RECORD (CROP_IRRIGATION_WATER_NEED, HARVEST_DATE, SEED_DATE, FK_CROP, FK_PARCEL, FK_STATUS) VALUES ('n/a', '1992-03-08', '1991-10-26', 13, 1, 1);
INSERT INTO PLANTING_RECORD (CROP_IRRIGATION_WATER_NEED, HARVEST_DATE, SEED_DATE, FK_CROP, FK_PARCEL, FK_STATUS) VALUES ('n/a', '1992-06-28', '1992-03-26', 8, 1, 1);
INSERT INTO PLANTING_RECORD (CROP_IRRIGATION_WATER_NEED, HARVEST_DATE, SEED_DATE, FK_CROP, FK_PARCEL, FK_STATUS) VALUES ('n/a', '1992-10-30', '1992-07-28', 8, 1, 1);
INSERT INTO PLANTING_RECORD (CROP_IRRIGATION_WATER_NEED, HARVEST_DATE, SEED_DATE, FK_CROP, FK_PARCEL, FK_STATUS) VALUES ('n/a', '1993-05-28', '1992-10-31', 7, 1, 1);
INSERT INTO PLANTING_RECORD (CROP_IRRIGATION_WATER_NEED, HARVEST_DATE, SEED_DATE, FK_CROP, FK_PARCEL, FK_STATUS) VALUES ('n/a', '1994-01-18', '1993-06-23', 7, 1, 1);
INSERT INTO PLANTING_RECORD (CROP_IRRIGATION_WATER_NEED, HARVEST_DATE, SEED_DATE, FK_CROP, FK_PARCEL, FK_STATUS) VALUES ('n/a', '1994-09-13', '1994-02-16', 7, 1, 1);
INSERT INTO PLANTING_RECORD (CROP_IRRIGATION_WATER_NEED, HARVEST_DATE, SEED_DATE, FK_CROP, FK_PARCEL, FK_STATUS) VALUES ('n/a', '1995-05-11', '1994-10-14', 7, 1, 1);
INSERT INTO PLANTING_RECORD (CROP_IRRIGATION_WATER_NEED, HARVEST_DATE, SEED_DATE, FK_CROP, FK_PARCEL, FK_STATUS) VALUES ('n/a', '1995-12-14', '1995-05-19', 7, 1, 1);
INSERT INTO PLANTING_RECORD (CROP_IRRIGATION_WATER_NEED, HARVEST_DATE, SEED_DATE, FK_CROP, FK_PARCEL, FK_STATUS) VALUES ('n/a', '1996-07-27', '1995-12-31', 7, 1, 1);
INSERT INTO PLANTING_RECORD (CROP_IRRIGATION_WATER_NEED, HARVEST_DATE, SEED_DATE, FK_CROP, FK_PARCEL, FK_STATUS) VALUES ('n/a', '1997-03-05', '1996-08-08', 7, 1, 1);
INSERT INTO PLANTING_RECORD (CROP_IRRIGATION_WATER_NEED, HARVEST_DATE, SEED_DATE, FK_CROP, FK_PARCEL, FK_STATUS) VALUES ('n/a', '1997-10-25', '1997-03-30', 7, 1, 1);
INSERT INTO PLANTING_RECORD (CROP_IRRIGATION_WATER_NEED, HARVEST_DATE, SEED_DATE, FK_CROP, FK_PARCEL, FK_STATUS) VALUES ('n/a', '1998-06-12', '1997-11-15', 7, 1, 1);
INSERT INTO PLANTING_RECORD (CROP_IRRIGATION_WATER_NEED, HARVEST_DATE, SEED_DATE, FK_CROP, FK_PARCEL, FK_STATUS) VALUES ('n/a', '1998-08-11', '1998-07-08', 10, 1, 1);
INSERT INTO PLANTING_RECORD (CROP_IRRIGATION_WATER_NEED, HARVEST_DATE, SEED_DATE, FK_CROP, FK_PARCEL, FK_STATUS) VALUES ('n/a', '1998-10-12', '1998-09-08', 10, 1, 1);
INSERT INTO PLANTING_RECORD (CROP_IRRIGATION_WATER_NEED, HARVEST_DATE, SEED_DATE, FK_CROP, FK_PARCEL, FK_STATUS) VALUES ('n/a', '1998-11-16', '1998-10-13', 10, 1, 1);
INSERT INTO PLANTING_RECORD (CROP_IRRIGATION_WATER_NEED, HARVEST_DATE, SEED_DATE, FK_CROP, FK_PARCEL, FK_STATUS) VALUES ('n/a', '1999-01-20', '1998-12-17', 10, 1, 1);
INSERT INTO PLANTING_RECORD (CROP_IRRIGATION_WATER_NEED, HARVEST_DATE, SEED_DATE, FK_CROP, FK_PARCEL, FK_STATUS) VALUES ('n/a', '1999-03-09', '1999-02-03', 10, 1, 1);
INSERT INTO PLANTING_RECORD (CROP_IRRIGATION_WATER_NEED, HARVEST_DATE, SEED_DATE, FK_CROP, FK_PARCEL, FK_STATUS) VALUES ('n/a', '1999-05-09', '1999-04-05', 10, 1, 1);
INSERT INTO PLANTING_RECORD (CROP_IRRIGATION_WATER_NEED, HARVEST_DATE, SEED_DATE, FK_CROP, FK_PARCEL, FK_STATUS) VALUES ('n/a', '1999-07-07', '1999-06-03', 10, 1, 1);
INSERT INTO PLANTING_RECORD (CROP_IRRIGATION_WATER_NEED, HARVEST_DATE, SEED_DATE, FK_CROP, FK_PARCEL, FK_STATUS) VALUES ('n/a', '1999-11-22', '1999-07-16', 14, 1, 1);
INSERT INTO PLANTING_RECORD (CROP_IRRIGATION_WATER_NEED, HARVEST_DATE, SEED_DATE, FK_CROP, FK_PARCEL, FK_STATUS) VALUES ('n/a', '2000-04-29', '1999-12-22', 14, 1, 1);
INSERT INTO PLANTING_RECORD (CROP_IRRIGATION_WATER_NEED, HARVEST_DATE, SEED_DATE, FK_CROP, FK_PARCEL, FK_STATUS) VALUES ('n/a', '2000-09-19', '2000-05-13', 14, 1, 1);
INSERT INTO PLANTING_RECORD (CROP_IRRIGATION_WATER_NEED, HARVEST_DATE, SEED_DATE, FK_CROP, FK_PARCEL, FK_STATUS) VALUES ('n/a', '2001-02-07', '2000-10-01', 14, 1, 1);
INSERT INTO PLANTING_RECORD (CROP_IRRIGATION_WATER_NEED, HARVEST_DATE, SEED_DATE, FK_CROP, FK_PARCEL, FK_STATUS) VALUES ('n/a', '2001-06-19', '2001-02-10', 14, 1, 1);
INSERT INTO PLANTING_RECORD (CROP_IRRIGATION_WATER_NEED, HARVEST_DATE, SEED_DATE, FK_CROP, FK_PARCEL, FK_STATUS) VALUES ('n/a', '2001-11-10', '2001-07-04', 14, 1, 1);
INSERT INTO PLANTING_RECORD (CROP_IRRIGATION_WATER_NEED, HARVEST_DATE, SEED_DATE, FK_CROP, FK_PARCEL, FK_STATUS) VALUES ('n/a', '2002-04-12', '2001-12-04', 14, 1, 1);
INSERT INTO PLANTING_RECORD (CROP_IRRIGATION_WATER_NEED, HARVEST_DATE, SEED_DATE, FK_CROP, FK_PARCEL, FK_STATUS) VALUES ('n/a', '2002-09-10', '2002-05-04', 14, 1, 1);
INSERT INTO PLANTING_RECORD (CROP_IRRIGATION_WATER_NEED, HARVEST_DATE, SEED_DATE, FK_CROP, FK_PARCEL, FK_STATUS) VALUES ('n/a', '2003-01-20', '2002-09-13', 14, 1, 1);
INSERT INTO PLANTING_RECORD (CROP_IRRIGATION_WATER_NEED, HARVEST_DATE, SEED_DATE, FK_CROP, FK_PARCEL, FK_STATUS) VALUES ('n/a', '2003-06-01', '2003-01-23', 14, 1, 1);
INSERT INTO PLANTING_RECORD (CROP_IRRIGATION_WATER_NEED, HARVEST_DATE, SEED_DATE, FK_CROP, FK_PARCEL, FK_STATUS) VALUES ('n/a', '2003-10-17', '2003-06-10', 14, 1, 1);
INSERT INTO PLANTING_RECORD (CROP_IRRIGATION_WATER_NEED, HARVEST_DATE, SEED_DATE, FK_CROP, FK_PARCEL, FK_STATUS) VALUES ('n/a', '2004-02-28', '2003-10-22', 17, 1, 1);
INSERT INTO PLANTING_RECORD (CROP_IRRIGATION_WATER_NEED, HARVEST_DATE, SEED_DATE, FK_CROP, FK_PARCEL, FK_STATUS) VALUES ('n/a', '2004-07-21', '2004-03-14', 17, 1, 1);
INSERT INTO PLANTING_RECORD (CROP_IRRIGATION_WATER_NEED, HARVEST_DATE, SEED_DATE, FK_CROP, FK_PARCEL, FK_STATUS) VALUES ('n/a', '2004-12-01', '2004-07-25', 17, 1, 1);
INSERT INTO PLANTING_RECORD (CROP_IRRIGATION_WATER_NEED, HARVEST_DATE, SEED_DATE, FK_CROP, FK_PARCEL, FK_STATUS) VALUES ('n/a', '2005-05-06', '2004-12-28', 17, 1, 1);
INSERT INTO PLANTING_RECORD (CROP_IRRIGATION_WATER_NEED, HARVEST_DATE, SEED_DATE, FK_CROP, FK_PARCEL, FK_STATUS) VALUES ('n/a', '2005-09-19', '2005-05-13', 17, 1, 1);
INSERT INTO PLANTING_RECORD (CROP_IRRIGATION_WATER_NEED, HARVEST_DATE, SEED_DATE, FK_CROP, FK_PARCEL, FK_STATUS) VALUES ('n/a', '2006-01-27', '2005-09-20', 17, 1, 1);
INSERT INTO PLANTING_RECORD (CROP_IRRIGATION_WATER_NEED, HARVEST_DATE, SEED_DATE, FK_CROP, FK_PARCEL, FK_STATUS) VALUES ('n/a', '2006-07-05', '2006-02-26', 17, 1, 1);
INSERT INTO PLANTING_RECORD (CROP_IRRIGATION_WATER_NEED, HARVEST_DATE, SEED_DATE, FK_CROP, FK_PARCEL, FK_STATUS) VALUES ('n/a', '2006-11-26', '2006-07-20', 17, 1, 1);
INSERT INTO PLANTING_RECORD (CROP_IRRIGATION_WATER_NEED, HARVEST_DATE, SEED_DATE, FK_CROP, FK_PARCEL, FK_STATUS) VALUES ('n/a', '2007-04-08', '2006-11-30', 17, 1, 1);
INSERT INTO PLANTING_RECORD (CROP_IRRIGATION_WATER_NEED, HARVEST_DATE, SEED_DATE, FK_CROP, FK_PARCEL, FK_STATUS) VALUES ('n/a', '2007-08-28', '2007-04-21', 17, 1, 1);
INSERT INTO PLANTING_RECORD (CROP_IRRIGATION_WATER_NEED, HARVEST_DATE, SEED_DATE, FK_CROP, FK_PARCEL, FK_STATUS) VALUES ('n/a', '2007-11-30', '2007-09-22', 9, 1, 1);
INSERT INTO PLANTING_RECORD (CROP_IRRIGATION_WATER_NEED, HARVEST_DATE, SEED_DATE, FK_CROP, FK_PARCEL, FK_STATUS) VALUES ('n/a', '2008-03-01', '2007-12-23', 9, 1, 1);
INSERT INTO PLANTING_RECORD (CROP_IRRIGATION_WATER_NEED, HARVEST_DATE, SEED_DATE, FK_CROP, FK_PARCEL, FK_STATUS) VALUES ('n/a', '2008-06-09', '2008-04-01', 9, 1, 1);
INSERT INTO PLANTING_RECORD (CROP_IRRIGATION_WATER_NEED, HARVEST_DATE, SEED_DATE, FK_CROP, FK_PARCEL, FK_STATUS) VALUES ('n/a', '2008-08-31', '2008-06-23', 9, 1, 1);
INSERT INTO PLANTING_RECORD (CROP_IRRIGATION_WATER_NEED, HARVEST_DATE, SEED_DATE, FK_CROP, FK_PARCEL, FK_STATUS) VALUES ('n/a', '2008-11-17', '2008-09-09', 9, 1, 1);
INSERT INTO PLANTING_RECORD (CROP_IRRIGATION_WATER_NEED, HARVEST_DATE, SEED_DATE, FK_CROP, FK_PARCEL, FK_STATUS) VALUES ('n/a', '2009-01-27', '2008-11-19', 9, 1, 1);
INSERT INTO PLANTING_RECORD (CROP_IRRIGATION_WATER_NEED, HARVEST_DATE, SEED_DATE, FK_CROP, FK_PARCEL, FK_STATUS) VALUES ('n/a', '2009-04-28', '2009-02-18', 9, 1, 1);
INSERT INTO PLANTING_RECORD (CROP_IRRIGATION_WATER_NEED, HARVEST_DATE, SEED_DATE, FK_CROP, FK_PARCEL, FK_STATUS) VALUES ('n/a', '2009-08-06', '2009-05-29', 9, 1, 1);
INSERT INTO PLANTING_RECORD (CROP_IRRIGATION_WATER_NEED, HARVEST_DATE, SEED_DATE, FK_CROP, FK_PARCEL, FK_STATUS) VALUES ('n/a', '2009-10-19', '2009-08-11', 9, 1, 1);
INSERT INTO PLANTING_RECORD (CROP_IRRIGATION_WATER_NEED, HARVEST_DATE, SEED_DATE, FK_CROP, FK_PARCEL, FK_STATUS) VALUES ('n/a', '2010-01-16', '2009-11-08', 9, 1, 1);
INSERT INTO PLANTING_RECORD (CROP_IRRIGATION_WATER_NEED, HARVEST_DATE, SEED_DATE, FK_CROP, FK_PARCEL, FK_STATUS) VALUES ('n/a', '2010-03-30', '2010-01-20', 9, 1, 1);
INSERT INTO PLANTING_RECORD (CROP_IRRIGATION_WATER_NEED, HARVEST_DATE, SEED_DATE, FK_CROP, FK_PARCEL, FK_STATUS) VALUES ('n/a', '2010-06-10', '2010-04-02', 9, 1, 1);
INSERT INTO PLANTING_RECORD (CROP_IRRIGATION_WATER_NEED, HARVEST_DATE, SEED_DATE, FK_CROP, FK_PARCEL, FK_STATUS) VALUES ('n/a', '2010-08-24', '2010-06-16', 9, 1, 1);
INSERT INTO PLANTING_RECORD (CROP_IRRIGATION_WATER_NEED, HARVEST_DATE, SEED_DATE, FK_CROP, FK_PARCEL, FK_STATUS) VALUES ('n/a', '2010-11-09', '2010-09-01', 9, 1, 1);
INSERT INTO PLANTING_RECORD (CROP_IRRIGATION_WATER_NEED, HARVEST_DATE, SEED_DATE, FK_CROP, FK_PARCEL, FK_STATUS) VALUES ('n/a', '2011-03-11', '2010-11-27', 33, 1, 1);
INSERT INTO PLANTING_RECORD (CROP_IRRIGATION_WATER_NEED, HARVEST_DATE, SEED_DATE, FK_CROP, FK_PARCEL, FK_STATUS) VALUES ('n/a', '2011-07-23', '2011-04-10', 33, 1, 1);
INSERT INTO PLANTING_RECORD (CROP_IRRIGATION_WATER_NEED, HARVEST_DATE, SEED_DATE, FK_CROP, FK_PARCEL, FK_STATUS) VALUES ('n/a', '2012-01-25', '2011-07-30', 35, 1, 1);
INSERT INTO PLANTING_RECORD (CROP_IRRIGATION_WATER_NEED, HARVEST_DATE, SEED_DATE, FK_CROP, FK_PARCEL, FK_STATUS) VALUES ('n/a', '2012-08-20', '2012-02-23', 35, 1, 1);
INSERT INTO PLANTING_RECORD (CROP_IRRIGATION_WATER_NEED, HARVEST_DATE, SEED_DATE, FK_CROP, FK_PARCEL, FK_STATUS) VALUES ('n/a', '2013-03-09', '2012-09-11', 35, 1, 1);
INSERT INTO PLANTING_RECORD (CROP_IRRIGATION_WATER_NEED, HARVEST_DATE, SEED_DATE, FK_CROP, FK_PARCEL, FK_STATUS) VALUES ('n/a', '2013-09-25', '2013-03-30', 35, 1, 1);
INSERT INTO PLANTING_RECORD (CROP_IRRIGATION_WATER_NEED, HARVEST_DATE, SEED_DATE, FK_CROP, FK_PARCEL, FK_STATUS) VALUES ('n/a', '2014-10-09', '2013-10-10', 42, 1, 1);
INSERT INTO PLANTING_RECORD (CROP_IRRIGATION_WATER_NEED, HARVEST_DATE, SEED_DATE, FK_CROP, FK_PARCEL, FK_STATUS) VALUES ('n/a', '2015-11-07', '2014-11-08', 42, 1, 1);
INSERT INTO PLANTING_RECORD (CROP_IRRIGATION_WATER_NEED, HARVEST_DATE, SEED_DATE, FK_CROP, FK_PARCEL, FK_STATUS) VALUES ('n/a', '2016-11-06', '2015-11-08', 42, 1, 1);
INSERT INTO PLANTING_RECORD (CROP_IRRIGATION_WATER_NEED, HARVEST_DATE, SEED_DATE, FK_CROP, FK_PARCEL, FK_STATUS) VALUES ('n/a', '2017-11-27', '2016-11-28', 42, 1, 1);
INSERT INTO PLANTING_RECORD (CROP_IRRIGATION_WATER_NEED, HARVEST_DATE, SEED_DATE, FK_CROP, FK_PARCEL, FK_STATUS) VALUES ('n/a', '2018-12-02', '2017-12-03', 42, 1, 1);
INSERT INTO PLANTING_RECORD (CROP_IRRIGATION_WATER_NEED, HARVEST_DATE, SEED_DATE, FK_CROP, FK_PARCEL, FK_STATUS) VALUES ('n/a', '2019-12-26', '2018-12-27', 42, 1, 1);
INSERT INTO PLANTING_RECORD (CROP_IRRIGATION_WATER_NEED, HARVEST_DATE, SEED_DATE, FK_CROP, FK_PARCEL, FK_STATUS) VALUES ('n/a', '2020-12-26', '2019-12-28', 43, 1, 1);
INSERT INTO PLANTING_RECORD (CROP_IRRIGATION_WATER_NEED, HARVEST_DATE, SEED_DATE, FK_CROP, FK_PARCEL, FK_STATUS) VALUES ('n/a', '2021-12-28', '2020-12-29', 43, 1, 1);
INSERT INTO PLANTING_RECORD (CROP_IRRIGATION_WATER_NEED, HARVEST_DATE, SEED_DATE, FK_CROP, FK_PARCEL, FK_STATUS) VALUES ('n/a', '2022-12-29', '2021-12-30', 43, 1, 1);

INSERT INTO IRRIGATION_RECORD ("DATE", IRRIGATION_DONE, FK_CROP, FK_PARCEL) VALUES ('1976-01-15', 60, 21, 1);
INSERT INTO IRRIGATION_RECORD ("DATE", IRRIGATION_DONE, FK_CROP, FK_PARCEL) VALUES ('1976-05-26', 45, 21, 1);
INSERT INTO IRRIGATION_RECORD ("DATE", IRRIGATION_DONE, FK_CROP, FK_PARCEL) VALUES ('1976-10-21', 50, 21, 1);
INSERT INTO IRRIGATION_RECORD ("DATE", IRRIGATION_DONE, FK_CROP, FK_PARCEL) VALUES ('1977-03-07', 25, 21, 1);
INSERT INTO IRRIGATION_RECORD ("DATE", IRRIGATION_DONE, FK_CROP, FK_PARCEL) VALUES ('1977-08-05', 55, 23, 1);
INSERT INTO IRRIGATION_RECORD ("DATE", IRRIGATION_DONE, FK_CROP, FK_PARCEL) VALUES ('1977-11-05', 24, 24, 1);
INSERT INTO IRRIGATION_RECORD ("DATE", IRRIGATION_DONE, FK_CROP, FK_PARCEL) VALUES ('1978-11-23', 35, 24, 1);
INSERT INTO IRRIGATION_RECORD ("DATE", IRRIGATION_DONE, FK_CROP, FK_PARCEL) VALUES ('1979-12-18', 25, 24, 1);
INSERT INTO IRRIGATION_RECORD ("DATE", IRRIGATION_DONE, FK_CROP, FK_PARCEL) VALUES ('1980-12-31', 30, 24, 1);
INSERT INTO IRRIGATION_RECORD ("DATE", IRRIGATION_DONE, FK_CROP, FK_PARCEL) VALUES ('1981-12-27', 40, 24, 1);
INSERT INTO IRRIGATION_RECORD ("DATE", IRRIGATION_DONE, FK_CROP, FK_PARCEL) VALUES ('1982-12-26', 30, 1, 1);
INSERT INTO IRRIGATION_RECORD ("DATE", IRRIGATION_DONE, FK_CROP, FK_PARCEL) VALUES ('1983-05-20', 35, 1, 1);
INSERT INTO IRRIGATION_RECORD ("DATE", IRRIGATION_DONE, FK_CROP, FK_PARCEL) VALUES ('1983-10-04', 50, 1, 1);
INSERT INTO IRRIGATION_RECORD ("DATE", IRRIGATION_DONE, FK_CROP, FK_PARCEL) VALUES ('1984-03-11', 40, 1, 1);
INSERT INTO IRRIGATION_RECORD ("DATE", IRRIGATION_DONE, FK_CROP, FK_PARCEL) VALUES ('1984-08-04', 20, 1, 1);
INSERT INTO IRRIGATION_RECORD ("DATE", IRRIGATION_DONE, FK_CROP, FK_PARCEL) VALUES ('1985-01-07', 25, 1, 1);
INSERT INTO IRRIGATION_RECORD ("DATE", IRRIGATION_DONE, FK_CROP, FK_PARCEL) VALUES ('1985-06-05', 60, 1, 1);
INSERT INTO IRRIGATION_RECORD ("DATE", IRRIGATION_DONE, FK_CROP, FK_PARCEL) VALUES ('1985-10-29', 55, 1, 1);
INSERT INTO IRRIGATION_RECORD ("DATE", IRRIGATION_DONE, FK_CROP, FK_PARCEL) VALUES ('1986-03-28', 40, 12, 1);
INSERT INTO IRRIGATION_RECORD ("DATE", IRRIGATION_DONE, FK_CROP, FK_PARCEL) VALUES ('1986-08-13', 70, 12, 1);
INSERT INTO IRRIGATION_RECORD ("DATE", IRRIGATION_DONE, FK_CROP, FK_PARCEL) VALUES ('1986-12-31', 65, 12, 1);
INSERT INTO IRRIGATION_RECORD ("DATE", IRRIGATION_DONE, FK_CROP, FK_PARCEL) VALUES ('1987-05-31', 20, 13, 1);
INSERT INTO IRRIGATION_RECORD ("DATE", IRRIGATION_DONE, FK_CROP, FK_PARCEL) VALUES ('1987-10-16', 35, 13, 1);
INSERT INTO IRRIGATION_RECORD ("DATE", IRRIGATION_DONE, FK_CROP, FK_PARCEL) VALUES ('1988-03-13', 10, 13, 1);
INSERT INTO IRRIGATION_RECORD ("DATE", IRRIGATION_DONE, FK_CROP, FK_PARCEL) VALUES ('1988-07-28', 90, 13, 1);
INSERT INTO IRRIGATION_RECORD ("DATE", IRRIGATION_DONE, FK_CROP, FK_PARCEL) VALUES ('1988-12-28', 120, 13, 1);
INSERT INTO IRRIGATION_RECORD ("DATE", IRRIGATION_DONE, FK_CROP, FK_PARCEL) VALUES ('1989-06-05', 150, 13, 1);
INSERT INTO IRRIGATION_RECORD ("DATE", IRRIGATION_DONE, FK_CROP, FK_PARCEL) VALUES ('1989-10-26', 100, 13, 1);
INSERT INTO IRRIGATION_RECORD ("DATE", IRRIGATION_DONE, FK_CROP, FK_PARCEL) VALUES ('1990-03-12', 80, 13, 1);
INSERT INTO IRRIGATION_RECORD ("DATE", IRRIGATION_DONE, FK_CROP, FK_PARCEL) VALUES ('1990-08-19', 20, 13, 1);
INSERT INTO IRRIGATION_RECORD ("DATE", IRRIGATION_DONE, FK_CROP, FK_PARCEL) VALUES ('1991-01-01', 25, 13, 1);
INSERT INTO IRRIGATION_RECORD ("DATE", IRRIGATION_DONE, FK_CROP, FK_PARCEL) VALUES ('1991-06-12', 30, 13, 1);
INSERT INTO IRRIGATION_RECORD ("DATE", IRRIGATION_DONE, FK_CROP, FK_PARCEL) VALUES ('1991-10-26', 35, 13, 1);
INSERT INTO IRRIGATION_RECORD ("DATE", IRRIGATION_DONE, FK_CROP, FK_PARCEL) VALUES ('1992-03-26', 40, 8, 1);
INSERT INTO IRRIGATION_RECORD ("DATE", IRRIGATION_DONE, FK_CROP, FK_PARCEL) VALUES ('1992-07-28', 75, 8, 1);
INSERT INTO IRRIGATION_RECORD ("DATE", IRRIGATION_DONE, FK_CROP, FK_PARCEL) VALUES ('1992-10-31', 44, 7, 1);
INSERT INTO IRRIGATION_RECORD ("DATE", IRRIGATION_DONE, FK_CROP, FK_PARCEL) VALUES ('1993-06-23', 24, 7, 1);
INSERT INTO IRRIGATION_RECORD ("DATE", IRRIGATION_DONE, FK_CROP, FK_PARCEL) VALUES ('1994-02-16', 69, 7, 1);
INSERT INTO IRRIGATION_RECORD ("DATE", IRRIGATION_DONE, FK_CROP, FK_PARCEL) VALUES ('1994-10-14', 77, 7, 1);
INSERT INTO IRRIGATION_RECORD ("DATE", IRRIGATION_DONE, FK_CROP, FK_PARCEL) VALUES ('1995-05-19', 19, 7, 1);
INSERT INTO IRRIGATION_RECORD ("DATE", IRRIGATION_DONE, FK_CROP, FK_PARCEL) VALUES ('1995-12-31', 15, 7, 1);
INSERT INTO IRRIGATION_RECORD ("DATE", IRRIGATION_DONE, FK_CROP, FK_PARCEL) VALUES ('1996-08-08', 52, 7, 1);
INSERT INTO IRRIGATION_RECORD ("DATE", IRRIGATION_DONE, FK_CROP, FK_PARCEL) VALUES ('1997-03-30', 42, 7, 1);
INSERT INTO IRRIGATION_RECORD ("DATE", IRRIGATION_DONE, FK_CROP, FK_PARCEL) VALUES ('1997-11-15', 109, 7, 1);
INSERT INTO IRRIGATION_RECORD ("DATE", IRRIGATION_DONE, FK_CROP, FK_PARCEL) VALUES ('1998-07-08', 100, 10, 1);
INSERT INTO IRRIGATION_RECORD ("DATE", IRRIGATION_DONE, FK_CROP, FK_PARCEL) VALUES ('1998-09-08', 105, 10, 1);
INSERT INTO IRRIGATION_RECORD ("DATE", IRRIGATION_DONE, FK_CROP, FK_PARCEL) VALUES ('1998-10-13', 120, 10, 1);
INSERT INTO IRRIGATION_RECORD ("DATE", IRRIGATION_DONE, FK_CROP, FK_PARCEL) VALUES ('1998-12-17', 115, 10, 1);
INSERT INTO IRRIGATION_RECORD ("DATE", IRRIGATION_DONE, FK_CROP, FK_PARCEL) VALUES ('1999-02-03', 100, 10, 1);
INSERT INTO IRRIGATION_RECORD ("DATE", IRRIGATION_DONE, FK_CROP, FK_PARCEL) VALUES ('1999-04-05', 90, 10, 1);
INSERT INTO IRRIGATION_RECORD ("DATE", IRRIGATION_DONE, FK_CROP, FK_PARCEL) VALUES ('1999-06-03', 95, 10, 1);
INSERT INTO IRRIGATION_RECORD ("DATE", IRRIGATION_DONE, FK_CROP, FK_PARCEL) VALUES ('1999-07-16', 90, 14, 1);
INSERT INTO IRRIGATION_RECORD ("DATE", IRRIGATION_DONE, FK_CROP, FK_PARCEL) VALUES ('1999-12-22', 80, 14, 1);
INSERT INTO IRRIGATION_RECORD ("DATE", IRRIGATION_DONE, FK_CROP, FK_PARCEL) VALUES ('2000-05-13', 74, 14, 1);
INSERT INTO IRRIGATION_RECORD ("DATE", IRRIGATION_DONE, FK_CROP, FK_PARCEL) VALUES ('2000-10-01', 62, 14, 1);
INSERT INTO IRRIGATION_RECORD ("DATE", IRRIGATION_DONE, FK_CROP, FK_PARCEL) VALUES ('2001-02-10', 82, 14, 1);
INSERT INTO IRRIGATION_RECORD ("DATE", IRRIGATION_DONE, FK_CROP, FK_PARCEL) VALUES ('2001-07-04', 97, 14, 1);
INSERT INTO IRRIGATION_RECORD ("DATE", IRRIGATION_DONE, FK_CROP, FK_PARCEL) VALUES ('2001-12-04', 100, 14, 1);
INSERT INTO IRRIGATION_RECORD ("DATE", IRRIGATION_DONE, FK_CROP, FK_PARCEL) VALUES ('2002-05-04', 130, 14, 1);
INSERT INTO IRRIGATION_RECORD ("DATE", IRRIGATION_DONE, FK_CROP, FK_PARCEL) VALUES ('2002-09-13', 125, 14, 1);
INSERT INTO IRRIGATION_RECORD ("DATE", IRRIGATION_DONE, FK_CROP, FK_PARCEL) VALUES ('2003-01-23', 114, 14, 1);
INSERT INTO IRRIGATION_RECORD ("DATE", IRRIGATION_DONE, FK_CROP, FK_PARCEL) VALUES ('2003-06-10', 59, 14, 1);
INSERT INTO IRRIGATION_RECORD ("DATE", IRRIGATION_DONE, FK_CROP, FK_PARCEL) VALUES ('2003-10-22', 112, 17, 1);
INSERT INTO IRRIGATION_RECORD ("DATE", IRRIGATION_DONE, FK_CROP, FK_PARCEL) VALUES ('2004-03-14', 124, 17, 1);
INSERT INTO IRRIGATION_RECORD ("DATE", IRRIGATION_DONE, FK_CROP, FK_PARCEL) VALUES ('2004-07-25', 114, 17, 1);
INSERT INTO IRRIGATION_RECORD ("DATE", IRRIGATION_DONE, FK_CROP, FK_PARCEL) VALUES ('2004-12-28', 90, 17, 1);
INSERT INTO IRRIGATION_RECORD ("DATE", IRRIGATION_DONE, FK_CROP, FK_PARCEL) VALUES ('2005-05-13', 85, 17, 1);
INSERT INTO IRRIGATION_RECORD ("DATE", IRRIGATION_DONE, FK_CROP, FK_PARCEL) VALUES ('2005-09-20', 35, 17, 1);
INSERT INTO IRRIGATION_RECORD ("DATE", IRRIGATION_DONE, FK_CROP, FK_PARCEL) VALUES ('2006-02-26', 25, 17, 1);
INSERT INTO IRRIGATION_RECORD ("DATE", IRRIGATION_DONE, FK_CROP, FK_PARCEL) VALUES ('2006-07-20', 20, 17, 1);
INSERT INTO IRRIGATION_RECORD ("DATE", IRRIGATION_DONE, FK_CROP, FK_PARCEL) VALUES ('2006-11-30', 21, 17, 1);
INSERT INTO IRRIGATION_RECORD ("DATE", IRRIGATION_DONE, FK_CROP, FK_PARCEL) VALUES ('2007-04-21', 41, 17, 1);
INSERT INTO IRRIGATION_RECORD ("DATE", IRRIGATION_DONE, FK_CROP, FK_PARCEL) VALUES ('2007-09-22', 60, 9, 1);
INSERT INTO IRRIGATION_RECORD ("DATE", IRRIGATION_DONE, FK_CROP, FK_PARCEL) VALUES ('2007-12-23', 70, 9, 1);
INSERT INTO IRRIGATION_RECORD ("DATE", IRRIGATION_DONE, FK_CROP, FK_PARCEL) VALUES ('2008-04-01', 75, 9, 1);
INSERT INTO IRRIGATION_RECORD ("DATE", IRRIGATION_DONE, FK_CROP, FK_PARCEL) VALUES ('2008-06-23', 45, 9, 1);
INSERT INTO IRRIGATION_RECORD ("DATE", IRRIGATION_DONE, FK_CROP, FK_PARCEL) VALUES ('2008-09-09', 55, 9, 1);
INSERT INTO IRRIGATION_RECORD ("DATE", IRRIGATION_DONE, FK_CROP, FK_PARCEL) VALUES ('2008-11-19', 40, 9, 1);
INSERT INTO IRRIGATION_RECORD ("DATE", IRRIGATION_DONE, FK_CROP, FK_PARCEL) VALUES ('2009-02-18', 25, 9, 1);
INSERT INTO IRRIGATION_RECORD ("DATE", IRRIGATION_DONE, FK_CROP, FK_PARCEL) VALUES ('2009-05-29', 30, 9, 1);
INSERT INTO IRRIGATION_RECORD ("DATE", IRRIGATION_DONE, FK_CROP, FK_PARCEL) VALUES ('2009-08-11', 35, 9, 1);
INSERT INTO IRRIGATION_RECORD ("DATE", IRRIGATION_DONE, FK_CROP, FK_PARCEL) VALUES ('2009-11-08', 95, 9, 1);
INSERT INTO IRRIGATION_RECORD ("DATE", IRRIGATION_DONE, FK_CROP, FK_PARCEL) VALUES ('2010-01-20', 90, 9, 1);
INSERT INTO IRRIGATION_RECORD ("DATE", IRRIGATION_DONE, FK_CROP, FK_PARCEL) VALUES ('2010-04-02', 120, 9, 1);
INSERT INTO IRRIGATION_RECORD ("DATE", IRRIGATION_DONE, FK_CROP, FK_PARCEL) VALUES ('2010-06-16', 110, 9, 1);
INSERT INTO IRRIGATION_RECORD ("DATE", IRRIGATION_DONE, FK_CROP, FK_PARCEL) VALUES ('2010-09-01', 105, 9, 1);
INSERT INTO IRRIGATION_RECORD ("DATE", IRRIGATION_DONE, FK_CROP, FK_PARCEL) VALUES ('2010-11-27', 40, 33, 1);
INSERT INTO IRRIGATION_RECORD ("DATE", IRRIGATION_DONE, FK_CROP, FK_PARCEL) VALUES ('2011-04-10', 20, 33, 1);
INSERT INTO IRRIGATION_RECORD ("DATE", IRRIGATION_DONE, FK_CROP, FK_PARCEL) VALUES ('2011-07-30', 15, 35, 1);
INSERT INTO IRRIGATION_RECORD ("DATE", IRRIGATION_DONE, FK_CROP, FK_PARCEL) VALUES ('2012-02-23', 60, 35, 1);
INSERT INTO IRRIGATION_RECORD ("DATE", IRRIGATION_DONE, FK_CROP, FK_PARCEL) VALUES ('2012-09-11', 85, 35, 1);
INSERT INTO IRRIGATION_RECORD ("DATE", IRRIGATION_DONE, FK_CROP, FK_PARCEL) VALUES ('2013-03-30', 75, 35, 1);
INSERT INTO IRRIGATION_RECORD ("DATE", IRRIGATION_DONE, FK_CROP, FK_PARCEL) VALUES ('2013-10-10', 45, 42, 1);
INSERT INTO IRRIGATION_RECORD ("DATE", IRRIGATION_DONE, FK_CROP, FK_PARCEL) VALUES ('2014-11-08', 55, 42, 1);
INSERT INTO IRRIGATION_RECORD ("DATE", IRRIGATION_DONE, FK_CROP, FK_PARCEL) VALUES ('2015-11-08', 61, 42, 1);
INSERT INTO IRRIGATION_RECORD ("DATE", IRRIGATION_DONE, FK_CROP, FK_PARCEL) VALUES ('2016-11-28', 22, 42, 1);
INSERT INTO IRRIGATION_RECORD ("DATE", IRRIGATION_DONE, FK_CROP, FK_PARCEL) VALUES ('2017-12-03', 30, 42, 1);
INSERT INTO IRRIGATION_RECORD ("DATE", IRRIGATION_DONE, FK_CROP, FK_PARCEL) VALUES ('2018-12-27', 91, 42, 1);
INSERT INTO IRRIGATION_RECORD ("DATE", IRRIGATION_DONE, FK_CROP, FK_PARCEL) VALUES ('2019-12-28', 85, 43, 1);
INSERT INTO IRRIGATION_RECORD ("DATE", IRRIGATION_DONE, FK_CROP, FK_PARCEL) VALUES ('2020-12-29', 110, 43, 1);
INSERT INTO IRRIGATION_RECORD ("DATE", IRRIGATION_DONE, FK_CROP, FK_PARCEL) VALUES ('2021-12-30', 115, 43, 1);

INSERT INTO CLIMATE_RECORD (ATMOSPHERIC_PRESSURE, CLOUD_COVER, "DATE", DEW_POINT, ETC, ETO, MAX_TEMP, MIN_TEMP, PRECIP, PRECIP_PROBABILITY, WIND_SPEED, TYPE_PRECIP_ONE, FK_PARCEL)
VALUES (101.43, 0.31, '2001-01-31', -4.4, 15.0, 3.613157757002548, 18.3, 9.01, 7.0, 0.0, 6.83, 1, 1);
INSERT INTO CLIMATE_RECORD (ATMOSPHERIC_PRESSURE, CLOUD_COVER, "DATE", DEW_POINT, ETC, ETO, MAX_TEMP, MIN_TEMP, PRECIP, PRECIP_PROBABILITY, WIND_SPEED, TYPE_PRECIP_ONE, FK_PARCEL)
VALUES (101.43, 0.31, '2002-02-12', -4.4, 15.0, 3.613157757002548, 18.3, 9.01, 5.0, 0.0, 6.83, 1, 1);
INSERT INTO CLIMATE_RECORD (ATMOSPHERIC_PRESSURE, CLOUD_COVER, "DATE", DEW_POINT, ETC, ETO, MAX_TEMP, MIN_TEMP, PRECIP, PRECIP_PROBABILITY, WIND_SPEED, TYPE_PRECIP_ONE, FK_PARCEL)
VALUES (101.43, 0.31, '2003-03-13', -4.4, 15.0, 3.613157757002548, 18.3, 9.01, 4.0, 0.0, 6.83, 1, 1);
INSERT INTO CLIMATE_RECORD (ATMOSPHERIC_PRESSURE, CLOUD_COVER, "DATE", DEW_POINT, ETC, ETO, MAX_TEMP, MIN_TEMP, PRECIP, PRECIP_PROBABILITY, WIND_SPEED, TYPE_PRECIP_ONE, FK_PARCEL)
VALUES (101.43, 0.31, '2004-04-14', -4.4, 15.0, 3.613157757002548, 18.3, 9.01, 1.0, 0.0, 6.83, 1, 1);
INSERT INTO CLIMATE_RECORD (ATMOSPHERIC_PRESSURE, CLOUD_COVER, "DATE", DEW_POINT, ETC, ETO, MAX_TEMP, MIN_TEMP, PRECIP, PRECIP_PROBABILITY, WIND_SPEED, TYPE_PRECIP_ONE, FK_PARCEL)
VALUES (101.43, 0.31, '2005-05-15', -4.4, 15.0, 3.613157757002548, 18.3, 9.01, 2.0, 0.0, 6.83, 1, 1);
INSERT INTO CLIMATE_RECORD (ATMOSPHERIC_PRESSURE, CLOUD_COVER, "DATE", DEW_POINT, ETC, ETO, MAX_TEMP, MIN_TEMP, PRECIP, PRECIP_PROBABILITY, WIND_SPEED, TYPE_PRECIP_ONE, FK_PARCEL)
VALUES (101.43, 0.31, '2006-06-16', -4.4, 15.0, 3.613157757002548, 18.3, 9.01, 3.5, 0.0, 6.83, 1, 1);
INSERT INTO CLIMATE_RECORD (ATMOSPHERIC_PRESSURE, CLOUD_COVER, "DATE", DEW_POINT, ETC, ETO, MAX_TEMP, MIN_TEMP, PRECIP, PRECIP_PROBABILITY, WIND_SPEED, TYPE_PRECIP_ONE, FK_PARCEL)
VALUES (101.43, 0.31, '2007-07-17', -4.4, 15.0, 3.613157757002548, 18.3, 9.01, 3.9, 0.0, 6.83, 1, 1);
INSERT INTO CLIMATE_RECORD (ATMOSPHERIC_PRESSURE, CLOUD_COVER, "DATE", DEW_POINT, ETC, ETO, MAX_TEMP, MIN_TEMP, PRECIP, PRECIP_PROBABILITY, WIND_SPEED, TYPE_PRECIP_ONE, FK_PARCEL)
VALUES (101.43, 0.31, '2008-08-18', -4.4, 15.0, 3.613157757002548, 18.3, 9.01, 4.5, 0.0, 6.83, 1, 1);
INSERT INTO CLIMATE_RECORD (ATMOSPHERIC_PRESSURE, CLOUD_COVER, "DATE", DEW_POINT, ETC, ETO, MAX_TEMP, MIN_TEMP, PRECIP, PRECIP_PROBABILITY, WIND_SPEED, TYPE_PRECIP_ONE, FK_PARCEL)
VALUES (101.43, 0.31, '2009-09-19', -4.4, 15.0, 3.613157757002548, 18.3, 9.01, 9.0, 0.0, 6.83, 1, 1);
INSERT INTO CLIMATE_RECORD (ATMOSPHERIC_PRESSURE, CLOUD_COVER, "DATE", DEW_POINT, ETC, ETO, MAX_TEMP, MIN_TEMP, PRECIP, PRECIP_PROBABILITY, WIND_SPEED, TYPE_PRECIP_ONE, FK_PARCEL)
VALUES (101.43, 0.31, '2010-09-20', -4.4, 15.0, 3.613157757002548, 18.3, 9.01, 12.0, 0.0, 6.83, 1, 1);

INSERT INTO HARVEST ("DATE", FK_CROP, FK_PARCEL, HARVEST_AMOUNT) VALUES ('2001-05-19', 12, 1, 2);
INSERT INTO HARVEST ("DATE", FK_CROP, FK_PARCEL, HARVEST_AMOUNT) VALUES ('2001-10-11', 12, 1, 2);
INSERT INTO HARVEST ("DATE", FK_CROP, FK_PARCEL, HARVEST_AMOUNT) VALUES ('2002-02-23', 12, 1, 2);
INSERT INTO HARVEST ("DATE", FK_CROP, FK_PARCEL, HARVEST_AMOUNT) VALUES ('2002-07-31', 13, 1, 2);
INSERT INTO HARVEST ("DATE", FK_CROP, FK_PARCEL, HARVEST_AMOUNT) VALUES ('2002-12-17', 13, 1, 10);
INSERT INTO HARVEST ("DATE", FK_CROP, FK_PARCEL, HARVEST_AMOUNT) VALUES ('2003-05-01', 13, 1, 12);
INSERT INTO HARVEST ("DATE", FK_CROP, FK_PARCEL, HARVEST_AMOUNT) VALUES ('2003-10-02', 13, 1, 11);
INSERT INTO HARVEST ("DATE", FK_CROP, FK_PARCEL, HARVEST_AMOUNT) VALUES ('2004-03-04', 13, 1, 8.5);
INSERT INTO HARVEST ("DATE", FK_CROP, FK_PARCEL, HARVEST_AMOUNT) VALUES ('2004-08-02', 13, 1, 7.1);
INSERT INTO HARVEST ("DATE", FK_CROP, FK_PARCEL, HARVEST_AMOUNT) VALUES ('2005-01-13', 13, 1, 9.2);
INSERT INTO HARVEST ("DATE", FK_CROP, FK_PARCEL, HARVEST_AMOUNT) VALUES ('2005-05-29', 13, 1, 13);
INSERT INTO HARVEST ("DATE", FK_CROP, FK_PARCEL, HARVEST_AMOUNT) VALUES ('2005-10-19', 13, 1, 11);
INSERT INTO HARVEST ("DATE", FK_CROP, FK_PARCEL, HARVEST_AMOUNT) VALUES ('2006-03-29', 13, 1, 11);
INSERT INTO HARVEST ("DATE", FK_CROP, FK_PARCEL, HARVEST_AMOUNT) VALUES ('2006-08-17', 13, 1, 14);
INSERT INTO HARVEST ("DATE", FK_CROP, FK_PARCEL, HARVEST_AMOUNT) VALUES ('2006-12-20', 8, 1, 12);
INSERT INTO HARVEST ("DATE", FK_CROP, FK_PARCEL, HARVEST_AMOUNT) VALUES ('2007-04-12', 8, 1, 8);
INSERT INTO HARVEST ("DATE", FK_CROP, FK_PARCEL, HARVEST_AMOUNT) VALUES ('2007-12-08', 7, 1, 9);
INSERT INTO HARVEST ("DATE", FK_CROP, FK_PARCEL, HARVEST_AMOUNT) VALUES ('2008-07-31', 7, 1, 7);
INSERT INTO HARVEST ("DATE", FK_CROP, FK_PARCEL, HARVEST_AMOUNT) VALUES ('2009-03-01', 7, 1, 9);
INSERT INTO HARVEST ("DATE", FK_CROP, FK_PARCEL, HARVEST_AMOUNT) VALUES ('2009-04-16', 10, 1, 2);
INSERT INTO HARVEST ("DATE", FK_CROP, FK_PARCEL, HARVEST_AMOUNT) VALUES ('2009-05-22', 10, 1, 1);
INSERT INTO HARVEST ("DATE", FK_CROP, FK_PARCEL, HARVEST_AMOUNT) VALUES ('2009-06-29', 10, 1, 3);
INSERT INTO HARVEST ("DATE", FK_CROP, FK_PARCEL, HARVEST_AMOUNT) VALUES ('2009-08-14', 10, 1, 1);
INSERT INTO HARVEST ("DATE", FK_CROP, FK_PARCEL, HARVEST_AMOUNT) VALUES ('2009-12-24', 14, 1, 12);
INSERT INTO HARVEST ("DATE", FK_CROP, FK_PARCEL, HARVEST_AMOUNT) VALUES ('2010-05-12', 14, 1, 11);
INSERT INTO HARVEST ("DATE", FK_CROP, FK_PARCEL, HARVEST_AMOUNT) VALUES ('2010-09-25', 14, 1, 5);
INSERT INTO HARVEST ("DATE", FK_CROP, FK_PARCEL, HARVEST_AMOUNT) VALUES ('2011-02-03', 14, 1, 2);
INSERT INTO HARVEST ("DATE", FK_CROP, FK_PARCEL, HARVEST_AMOUNT) VALUES ('2011-06-27', 14, 1, 4);
INSERT INTO HARVEST ("DATE", FK_CROP, FK_PARCEL, HARVEST_AMOUNT) VALUES ('2011-11-25', 14, 1, 8);
INSERT INTO HARVEST ("DATE", FK_CROP, FK_PARCEL, HARVEST_AMOUNT) VALUES ('2012-04-22', 14, 1, 9);
INSERT INTO HARVEST ("DATE", FK_CROP, FK_PARCEL, HARVEST_AMOUNT) VALUES ('2012-09-07', 14, 1, 10);
INSERT INTO HARVEST ("DATE", FK_CROP, FK_PARCEL, HARVEST_AMOUNT) VALUES ('2013-02-14', 14, 1, 4);
INSERT INTO HARVEST ("DATE", FK_CROP, FK_PARCEL, HARVEST_AMOUNT) VALUES ('2013-06-24', 14, 1, 3);
INSERT INTO HARVEST ("DATE", FK_CROP, FK_PARCEL, HARVEST_AMOUNT) VALUES ('2013-11-24', 17, 1, 12);
INSERT INTO HARVEST ("DATE", FK_CROP, FK_PARCEL, HARVEST_AMOUNT) VALUES ('2014-04-09', 17, 1, 15);
INSERT INTO HARVEST ("DATE", FK_CROP, FK_PARCEL, HARVEST_AMOUNT) VALUES ('2014-09-16', 17, 1, 16);
INSERT INTO HARVEST ("DATE", FK_CROP, FK_PARCEL, HARVEST_AMOUNT) VALUES ('2015-02-07', 17, 1, 18);
INSERT INTO HARVEST ("DATE", FK_CROP, FK_PARCEL, HARVEST_AMOUNT) VALUES ('2015-07-05', 17, 1, 21);
INSERT INTO HARVEST ("DATE", FK_CROP, FK_PARCEL, HARVEST_AMOUNT) VALUES ('2015-11-24', 17, 1, 11);
INSERT INTO HARVEST ("DATE", FK_CROP, FK_PARCEL, HARVEST_AMOUNT) VALUES ('2016-04-07', 17, 1, 12);
INSERT INTO HARVEST ("DATE", FK_CROP, FK_PARCEL, HARVEST_AMOUNT) VALUES ('2016-09-06', 17, 1, 15);
INSERT INTO HARVEST ("DATE", FK_CROP, FK_PARCEL, HARVEST_AMOUNT) VALUES ('2017-01-16', 17, 1, 14.5);
INSERT INTO HARVEST ("DATE", FK_CROP, FK_PARCEL, HARVEST_AMOUNT) VALUES ('2017-05-31', 17, 1, 12.2);