INSERT INTO PLANTING_RECORD (CROP_IRRIGATION_WATER_NEED, HARVEST_DATE, SEED_DATE, FK_CROP, FK_PARCEL, FK_STATUS) VALUES ('n/a', '1976-05-23', '1976-01-15', 21, 1, 1);
INSERT INTO PLANTING_RECORD (CROP_IRRIGATION_WATER_NEED, HARVEST_DATE, SEED_DATE, FK_CROP, FK_PARCEL, FK_STATUS) VALUES ('n/a', '1976-10-02', '1976-05-26', 21, 1, 1);
INSERT INTO PLANTING_RECORD (CROP_IRRIGATION_WATER_NEED, HARVEST_DATE, SEED_DATE, FK_CROP, FK_PARCEL, FK_STATUS) VALUES ('n/a', '1977-02-27', '1976-10-21', 21, 1, 1);
INSERT INTO PLANTING_RECORD (CROP_IRRIGATION_WATER_NEED, HARVEST_DATE, SEED_DATE, FK_CROP, FK_PARCEL, FK_STATUS) VALUES ('n/a', '1977-07-14', '1977-03-07', 21, 1, 1);
INSERT INTO PLANTING_RECORD (CROP_IRRIGATION_WATER_NEED, HARVEST_DATE, SEED_DATE, FK_CROP, FK_PARCEL, FK_STATUS) VALUES ('n/a', '1977-10-28', '1977-08-05', 23, 1, 1);
INSERT INTO PLANTING_RECORD (CROP_IRRIGATION_WATER_NEED, HARVEST_DATE, SEED_DATE, FK_CROP, FK_PARCEL, FK_STATUS) VALUES ('n/a', '1978-10-30', '1977-11-05', 24, 1, 1);
INSERT INTO PLANTING_RECORD (CROP_IRRIGATION_WATER_NEED, HARVEST_DATE, SEED_DATE, FK_CROP, FK_PARCEL, FK_STATUS) VALUES ('n/a', '1979-11-17', '1978-11-23', 24, 1, 1);
INSERT INTO PLANTING_RECORD (CROP_IRRIGATION_WATER_NEED, HARVEST_DATE, SEED_DATE, FK_CROP, FK_PARCEL, FK_STATUS) VALUES ('n/a', '1980-12-11', '1979-12-18', 24, 1, 1);
INSERT INTO PLANTING_RECORD (CROP_IRRIGATION_WATER_NEED, HARVEST_DATE, SEED_DATE, FK_CROP, FK_PARCEL, FK_STATUS) VALUES ('n/a', '1981-12-25', '1980-12-31', 24, 1, 1);
INSERT INTO PLANTING_RECORD (CROP_IRRIGATION_WATER_NEED, HARVEST_DATE, SEED_DATE, FK_CROP, FK_PARCEL, FK_STATUS) VALUES ('n/a', '1982-12-21', '1981-12-27', 24, 1, 1);
INSERT INTO PLANTING_RECORD (CROP_IRRIGATION_WATER_NEED, HARVEST_DATE, SEED_DATE, FK_CROP, FK_PARCEL, FK_STATUS) VALUES ('n/a', '1983-05-09', '1982-12-26', 1, 1, 1);
INSERT INTO PLANTING_RECORD (CROP_IRRIGATION_WATER_NEED, HARVEST_DATE, SEED_DATE, FK_CROP, FK_PARCEL, FK_STATUS) VALUES ('n/a', '1983-10-01', '1983-05-20', 1, 1, 1);
INSERT INTO PLANTING_RECORD (CROP_IRRIGATION_WATER_NEED, HARVEST_DATE, SEED_DATE, FK_CROP, FK_PARCEL, FK_STATUS) VALUES ('n/a', '1984-02-15', '1983-10-04', 1, 1, 1);
INSERT INTO PLANTING_RECORD (CROP_IRRIGATION_WATER_NEED, HARVEST_DATE, SEED_DATE, FK_CROP, FK_PARCEL, FK_STATUS) VALUES ('n/a', '1984-07-23', '1984-03-11', 1, 1, 1);
INSERT INTO PLANTING_RECORD (CROP_IRRIGATION_WATER_NEED, HARVEST_DATE, SEED_DATE, FK_CROP, FK_PARCEL, FK_STATUS) VALUES ('n/a', '1984-12-16', '1984-08-04', 1, 1, 1);
INSERT INTO PLANTING_RECORD (CROP_IRRIGATION_WATER_NEED, HARVEST_DATE, SEED_DATE, FK_CROP, FK_PARCEL, FK_STATUS) VALUES ('n/a', '1985-05-21', '1985-01-07', 1, 1, 1);
INSERT INTO PLANTING_RECORD (CROP_IRRIGATION_WATER_NEED, HARVEST_DATE, SEED_DATE, FK_CROP, FK_PARCEL, FK_STATUS) VALUES ('n/a', '1985-10-17', '1985-06-05', 1, 1, 1);
INSERT INTO PLANTING_RECORD (CROP_IRRIGATION_WATER_NEED, HARVEST_DATE, SEED_DATE, FK_CROP, FK_PARCEL, FK_STATUS) VALUES ('n/a', '1986-03-12', '1985-10-29', 1, 1, 1);
INSERT INTO PLANTING_RECORD (CROP_IRRIGATION_WATER_NEED, HARVEST_DATE, SEED_DATE, FK_CROP, FK_PARCEL, FK_STATUS) VALUES ('n/a', '1986-07-30', '1986-03-28', 12, 1, 1);
INSERT INTO PLANTING_RECORD (CROP_IRRIGATION_WATER_NEED, HARVEST_DATE, SEED_DATE, FK_CROP, FK_PARCEL, FK_STATUS) VALUES ('n/a', '1986-12-15', '1986-08-13', 12, 1, 1);
INSERT INTO PLANTING_RECORD (CROP_IRRIGATION_WATER_NEED, HARVEST_DATE, SEED_DATE, FK_CROP, FK_PARCEL, FK_STATUS) VALUES ('n/a', '1987-05-04', '1986-12-31', 12, 1, 1);
INSERT INTO PLANTING_RECORD (CROP_IRRIGATION_WATER_NEED, HARVEST_DATE, SEED_DATE, FK_CROP, FK_PARCEL, FK_STATUS) VALUES ('n/a', '1987-10-12', '1987-05-31', 13, 1, 1);
INSERT INTO PLANTING_RECORD (CROP_IRRIGATION_WATER_NEED, HARVEST_DATE, SEED_DATE, FK_CROP, FK_PARCEL, FK_STATUS) VALUES ('n/a', '1988-02-27', '1987-10-16', 13, 1, 1);
INSERT INTO PLANTING_RECORD (CROP_IRRIGATION_WATER_NEED, HARVEST_DATE, SEED_DATE, FK_CROP, FK_PARCEL, FK_STATUS) VALUES ('n/a', '1988-07-25', '1988-03-13', 13, 1, 1);
INSERT INTO PLANTING_RECORD (CROP_IRRIGATION_WATER_NEED, HARVEST_DATE, SEED_DATE, FK_CROP, FK_PARCEL, FK_STATUS) VALUES ('n/a', '1988-12-09', '1988-07-28', 13, 1, 1);
INSERT INTO PLANTING_RECORD (CROP_IRRIGATION_WATER_NEED, HARVEST_DATE, SEED_DATE, FK_CROP, FK_PARCEL, FK_STATUS) VALUES ('n/a', '1989-05-11', '1988-12-28', 13, 1, 1);
INSERT INTO PLANTING_RECORD (CROP_IRRIGATION_WATER_NEED, HARVEST_DATE, SEED_DATE, FK_CROP, FK_PARCEL, FK_STATUS) VALUES ('n/a', '1989-10-17', '1989-06-05', 13, 1, 1);
INSERT INTO PLANTING_RECORD (CROP_IRRIGATION_WATER_NEED, HARVEST_DATE, SEED_DATE, FK_CROP, FK_PARCEL, FK_STATUS) VALUES ('n/a', '1990-03-09', '1989-10-26', 13, 1, 1);
INSERT INTO PLANTING_RECORD (CROP_IRRIGATION_WATER_NEED, HARVEST_DATE, SEED_DATE, FK_CROP, FK_PARCEL, FK_STATUS) VALUES ('n/a', '1990-07-24', '1990-03-12', 13, 1, 1);
INSERT INTO PLANTING_RECORD (CROP_IRRIGATION_WATER_NEED, HARVEST_DATE, SEED_DATE, FK_CROP, FK_PARCEL, FK_STATUS) VALUES ('n/a', '1990-12-31', '1990-08-19', 13, 1, 1);
INSERT INTO PLANTING_RECORD (CROP_IRRIGATION_WATER_NEED, HARVEST_DATE, SEED_DATE, FK_CROP, FK_PARCEL, FK_STATUS) VALUES ('n/a', '1991-05-15', '1991-01-01', 13, 1, 1);
INSERT INTO PLANTING_RECORD (CROP_IRRIGATION_WATER_NEED, HARVEST_DATE, SEED_DATE, FK_CROP, FK_PARCEL, FK_STATUS) VALUES ('n/a', '1991-10-24', '1991-06-12', 13, 1, 1);
INSERT INTO PLANTING_RECORD (CROP_IRRIGATION_WATER_NEED, HARVEST_DATE, SEED_DATE, FK_CROP, FK_PARCEL, FK_STATUS) VALUES ('n/a', '1992-03-08', '1991-10-26', 13, 1, 1);
INSERT INTO PLANTING_RECORD (CROP_IRRIGATION_WATER_NEED, HARVEST_DATE, SEED_DATE, FK_CROP, FK_PARCEL, FK_STATUS) VALUES ('n/a', '1992-06-28', '1992-03-26', 8, 1, 1);
INSERT INTO PLANTING_RECORD (CROP_IRRIGATION_WATER_NEED, HARVEST_DATE, SEED_DATE, FK_CROP, FK_PARCEL, FK_STATUS) VALUES ('n/a', '1992-10-30', '1992-07-28', 8, 1, 1);
INSERT INTO PLANTING_RECORD (CROP_IRRIGATION_WATER_NEED, HARVEST_DATE, SEED_DATE, FK_CROP, FK_PARCEL, FK_STATUS) VALUES ('n/a', '1993-05-28', '1992-10-31', 7, 1, 1);
INSERT INTO PLANTING_RECORD (CROP_IRRIGATION_WATER_NEED, HARVEST_DATE, SEED_DATE, FK_CROP, FK_PARCEL, FK_STATUS) VALUES ('n/a', '1994-01-18', '1993-06-23', 7, 1, 1);
INSERT INTO PLANTING_RECORD (CROP_IRRIGATION_WATER_NEED, HARVEST_DATE, SEED_DATE, FK_CROP, FK_PARCEL, FK_STATUS) VALUES ('n/a', '1994-09-13', '1994-02-16', 7, 1, 1);
INSERT INTO PLANTING_RECORD (CROP_IRRIGATION_WATER_NEED, HARVEST_DATE, SEED_DATE, FK_CROP, FK_PARCEL, FK_STATUS) VALUES ('n/a', '1995-05-11', '1994-10-14', 7, 1, 1);
INSERT INTO PLANTING_RECORD (CROP_IRRIGATION_WATER_NEED, HARVEST_DATE, SEED_DATE, FK_CROP, FK_PARCEL, FK_STATUS) VALUES ('n/a', '1995-12-14', '1995-05-19', 7, 1, 1);
INSERT INTO PLANTING_RECORD (CROP_IRRIGATION_WATER_NEED, HARVEST_DATE, SEED_DATE, FK_CROP, FK_PARCEL, FK_STATUS) VALUES ('n/a', '1996-07-27', '1995-12-31', 7, 1, 1);
INSERT INTO PLANTING_RECORD (CROP_IRRIGATION_WATER_NEED, HARVEST_DATE, SEED_DATE, FK_CROP, FK_PARCEL, FK_STATUS) VALUES ('n/a', '1997-03-05', '1996-08-08', 7, 1, 1);
INSERT INTO PLANTING_RECORD (CROP_IRRIGATION_WATER_NEED, HARVEST_DATE, SEED_DATE, FK_CROP, FK_PARCEL, FK_STATUS) VALUES ('n/a', '1997-10-25', '1997-03-30', 7, 1, 1);
INSERT INTO PLANTING_RECORD (CROP_IRRIGATION_WATER_NEED, HARVEST_DATE, SEED_DATE, FK_CROP, FK_PARCEL, FK_STATUS) VALUES ('n/a', '1998-06-12', '1997-11-15', 7, 1, 1);
INSERT INTO PLANTING_RECORD (CROP_IRRIGATION_WATER_NEED, HARVEST_DATE, SEED_DATE, FK_CROP, FK_PARCEL, FK_STATUS) VALUES ('n/a', '1998-08-11', '1998-07-08', 10, 1, 1);
INSERT INTO PLANTING_RECORD (CROP_IRRIGATION_WATER_NEED, HARVEST_DATE, SEED_DATE, FK_CROP, FK_PARCEL, FK_STATUS) VALUES ('n/a', '1998-10-12', '1998-09-08', 10, 1, 1);
INSERT INTO PLANTING_RECORD (CROP_IRRIGATION_WATER_NEED, HARVEST_DATE, SEED_DATE, FK_CROP, FK_PARCEL, FK_STATUS) VALUES ('n/a', '1998-11-16', '1998-10-13', 10, 1, 1);
INSERT INTO PLANTING_RECORD (CROP_IRRIGATION_WATER_NEED, HARVEST_DATE, SEED_DATE, FK_CROP, FK_PARCEL, FK_STATUS) VALUES ('n/a', '1999-01-20', '1998-12-17', 10, 1, 1);
INSERT INTO PLANTING_RECORD (CROP_IRRIGATION_WATER_NEED, HARVEST_DATE, SEED_DATE, FK_CROP, FK_PARCEL, FK_STATUS) VALUES ('n/a', '1999-03-09', '1999-02-03', 10, 1, 1);
INSERT INTO PLANTING_RECORD (CROP_IRRIGATION_WATER_NEED, HARVEST_DATE, SEED_DATE, FK_CROP, FK_PARCEL, FK_STATUS) VALUES ('n/a', '1999-05-09', '1999-04-05', 10, 1, 1);
INSERT INTO PLANTING_RECORD (CROP_IRRIGATION_WATER_NEED, HARVEST_DATE, SEED_DATE, FK_CROP, FK_PARCEL, FK_STATUS) VALUES ('n/a', '1999-07-07', '1999-06-03', 10, 1, 1);
INSERT INTO PLANTING_RECORD (CROP_IRRIGATION_WATER_NEED, HARVEST_DATE, SEED_DATE, FK_CROP, FK_PARCEL, FK_STATUS) VALUES ('n/a', '1999-11-22', '1999-07-16', 14, 1, 1);
INSERT INTO PLANTING_RECORD (CROP_IRRIGATION_WATER_NEED, HARVEST_DATE, SEED_DATE, FK_CROP, FK_PARCEL, FK_STATUS) VALUES ('n/a', '2000-04-29', '1999-12-22', 14, 1, 1);
INSERT INTO PLANTING_RECORD (CROP_IRRIGATION_WATER_NEED, HARVEST_DATE, SEED_DATE, FK_CROP, FK_PARCEL, FK_STATUS) VALUES ('n/a', '2000-09-19', '2000-05-13', 14, 1, 1);
INSERT INTO PLANTING_RECORD (CROP_IRRIGATION_WATER_NEED, HARVEST_DATE, SEED_DATE, FK_CROP, FK_PARCEL, FK_STATUS) VALUES ('n/a', '2001-02-07', '2000-10-01', 14, 1, 1);
INSERT INTO PLANTING_RECORD (CROP_IRRIGATION_WATER_NEED, HARVEST_DATE, SEED_DATE, FK_CROP, FK_PARCEL, FK_STATUS) VALUES ('n/a', '2001-06-19', '2001-02-10', 14, 1, 1);
INSERT INTO PLANTING_RECORD (CROP_IRRIGATION_WATER_NEED, HARVEST_DATE, SEED_DATE, FK_CROP, FK_PARCEL, FK_STATUS) VALUES ('n/a', '2001-11-10', '2001-07-04', 14, 1, 1);
INSERT INTO PLANTING_RECORD (CROP_IRRIGATION_WATER_NEED, HARVEST_DATE, SEED_DATE, FK_CROP, FK_PARCEL, FK_STATUS) VALUES ('n/a', '2002-04-12', '2001-12-04', 14, 1, 1);
INSERT INTO PLANTING_RECORD (CROP_IRRIGATION_WATER_NEED, HARVEST_DATE, SEED_DATE, FK_CROP, FK_PARCEL, FK_STATUS) VALUES ('n/a', '2002-09-10', '2002-05-04', 14, 1, 1);
INSERT INTO PLANTING_RECORD (CROP_IRRIGATION_WATER_NEED, HARVEST_DATE, SEED_DATE, FK_CROP, FK_PARCEL, FK_STATUS) VALUES ('n/a', '2003-01-20', '2002-09-13', 14, 1, 1);
INSERT INTO PLANTING_RECORD (CROP_IRRIGATION_WATER_NEED, HARVEST_DATE, SEED_DATE, FK_CROP, FK_PARCEL, FK_STATUS) VALUES ('n/a', '2003-06-01', '2003-01-23', 14, 1, 1);
INSERT INTO PLANTING_RECORD (CROP_IRRIGATION_WATER_NEED, HARVEST_DATE, SEED_DATE, FK_CROP, FK_PARCEL, FK_STATUS) VALUES ('n/a', '2003-10-17', '2003-06-10', 14, 1, 1);
INSERT INTO PLANTING_RECORD (CROP_IRRIGATION_WATER_NEED, HARVEST_DATE, SEED_DATE, FK_CROP, FK_PARCEL, FK_STATUS) VALUES ('n/a', '2004-02-28', '2003-10-22', 17, 1, 1);
INSERT INTO PLANTING_RECORD (CROP_IRRIGATION_WATER_NEED, HARVEST_DATE, SEED_DATE, FK_CROP, FK_PARCEL, FK_STATUS) VALUES ('n/a', '2004-07-21', '2004-03-14', 17, 1, 1);
INSERT INTO PLANTING_RECORD (CROP_IRRIGATION_WATER_NEED, HARVEST_DATE, SEED_DATE, FK_CROP, FK_PARCEL, FK_STATUS) VALUES ('n/a', '2004-12-01', '2004-07-25', 17, 1, 1);
INSERT INTO PLANTING_RECORD (CROP_IRRIGATION_WATER_NEED, HARVEST_DATE, SEED_DATE, FK_CROP, FK_PARCEL, FK_STATUS) VALUES ('n/a', '2005-05-06', '2004-12-28', 17, 1, 1);
INSERT INTO PLANTING_RECORD (CROP_IRRIGATION_WATER_NEED, HARVEST_DATE, SEED_DATE, FK_CROP, FK_PARCEL, FK_STATUS) VALUES ('n/a', '2005-09-19', '2005-05-13', 17, 1, 1);
INSERT INTO PLANTING_RECORD (CROP_IRRIGATION_WATER_NEED, HARVEST_DATE, SEED_DATE, FK_CROP, FK_PARCEL, FK_STATUS) VALUES ('n/a', '2006-01-27', '2005-09-20', 17, 1, 1);
INSERT INTO PLANTING_RECORD (CROP_IRRIGATION_WATER_NEED, HARVEST_DATE, SEED_DATE, FK_CROP, FK_PARCEL, FK_STATUS) VALUES ('n/a', '2006-07-05', '2006-02-26', 17, 1, 1);
INSERT INTO PLANTING_RECORD (CROP_IRRIGATION_WATER_NEED, HARVEST_DATE, SEED_DATE, FK_CROP, FK_PARCEL, FK_STATUS) VALUES ('n/a', '2006-11-26', '2006-07-20', 17, 1, 1);
INSERT INTO PLANTING_RECORD (CROP_IRRIGATION_WATER_NEED, HARVEST_DATE, SEED_DATE, FK_CROP, FK_PARCEL, FK_STATUS) VALUES ('n/a', '2007-04-08', '2006-11-30', 17, 1, 1);
INSERT INTO PLANTING_RECORD (CROP_IRRIGATION_WATER_NEED, HARVEST_DATE, SEED_DATE, FK_CROP, FK_PARCEL, FK_STATUS) VALUES ('n/a', '2007-08-28', '2007-04-21', 17, 1, 1);
INSERT INTO PLANTING_RECORD (CROP_IRRIGATION_WATER_NEED, HARVEST_DATE, SEED_DATE, FK_CROP, FK_PARCEL, FK_STATUS) VALUES ('n/a', '2007-11-30', '2007-09-22', 9, 1, 1);
INSERT INTO PLANTING_RECORD (CROP_IRRIGATION_WATER_NEED, HARVEST_DATE, SEED_DATE, FK_CROP, FK_PARCEL, FK_STATUS) VALUES ('n/a', '2008-03-01', '2007-12-23', 9, 1, 1);
INSERT INTO PLANTING_RECORD (CROP_IRRIGATION_WATER_NEED, HARVEST_DATE, SEED_DATE, FK_CROP, FK_PARCEL, FK_STATUS) VALUES ('n/a', '2008-06-09', '2008-04-01', 9, 1, 1);
INSERT INTO PLANTING_RECORD (CROP_IRRIGATION_WATER_NEED, HARVEST_DATE, SEED_DATE, FK_CROP, FK_PARCEL, FK_STATUS) VALUES ('n/a', '2008-08-31', '2008-06-23', 9, 1, 1);
INSERT INTO PLANTING_RECORD (CROP_IRRIGATION_WATER_NEED, HARVEST_DATE, SEED_DATE, FK_CROP, FK_PARCEL, FK_STATUS) VALUES ('n/a', '2008-11-17', '2008-09-09', 9, 1, 1);
INSERT INTO PLANTING_RECORD (CROP_IRRIGATION_WATER_NEED, HARVEST_DATE, SEED_DATE, FK_CROP, FK_PARCEL, FK_STATUS) VALUES ('n/a', '2009-01-27', '2008-11-19', 9, 1, 1);
INSERT INTO PLANTING_RECORD (CROP_IRRIGATION_WATER_NEED, HARVEST_DATE, SEED_DATE, FK_CROP, FK_PARCEL, FK_STATUS) VALUES ('n/a', '2009-04-28', '2009-02-18', 9, 1, 1);
INSERT INTO PLANTING_RECORD (CROP_IRRIGATION_WATER_NEED, HARVEST_DATE, SEED_DATE, FK_CROP, FK_PARCEL, FK_STATUS) VALUES ('n/a', '2009-08-06', '2009-05-29', 9, 1, 1);
INSERT INTO PLANTING_RECORD (CROP_IRRIGATION_WATER_NEED, HARVEST_DATE, SEED_DATE, FK_CROP, FK_PARCEL, FK_STATUS) VALUES ('n/a', '2009-10-19', '2009-08-11', 9, 1, 1);
INSERT INTO PLANTING_RECORD (CROP_IRRIGATION_WATER_NEED, HARVEST_DATE, SEED_DATE, FK_CROP, FK_PARCEL, FK_STATUS) VALUES ('n/a', '2010-01-16', '2009-11-08', 9, 1, 1);
INSERT INTO PLANTING_RECORD (CROP_IRRIGATION_WATER_NEED, HARVEST_DATE, SEED_DATE, FK_CROP, FK_PARCEL, FK_STATUS) VALUES ('n/a', '2010-03-30', '2010-01-20', 9, 1, 1);
INSERT INTO PLANTING_RECORD (CROP_IRRIGATION_WATER_NEED, HARVEST_DATE, SEED_DATE, FK_CROP, FK_PARCEL, FK_STATUS) VALUES ('n/a', '2010-06-10', '2010-04-02', 9, 1, 1);
INSERT INTO PLANTING_RECORD (CROP_IRRIGATION_WATER_NEED, HARVEST_DATE, SEED_DATE, FK_CROP, FK_PARCEL, FK_STATUS) VALUES ('n/a', '2010-08-24', '2010-06-16', 9, 1, 1);
INSERT INTO PLANTING_RECORD (CROP_IRRIGATION_WATER_NEED, HARVEST_DATE, SEED_DATE, FK_CROP, FK_PARCEL, FK_STATUS) VALUES ('n/a', '2010-11-09', '2010-09-01', 9, 1, 1);
INSERT INTO PLANTING_RECORD (CROP_IRRIGATION_WATER_NEED, HARVEST_DATE, SEED_DATE, FK_CROP, FK_PARCEL, FK_STATUS) VALUES ('n/a', '2011-03-11', '2010-11-27', 33, 1, 1);
INSERT INTO PLANTING_RECORD (CROP_IRRIGATION_WATER_NEED, HARVEST_DATE, SEED_DATE, FK_CROP, FK_PARCEL, FK_STATUS) VALUES ('n/a', '2011-07-23', '2011-04-10', 33, 1, 1);
INSERT INTO PLANTING_RECORD (CROP_IRRIGATION_WATER_NEED, HARVEST_DATE, SEED_DATE, FK_CROP, FK_PARCEL, FK_STATUS) VALUES ('n/a', '2012-01-25', '2011-07-30', 35, 1, 1);
INSERT INTO PLANTING_RECORD (CROP_IRRIGATION_WATER_NEED, HARVEST_DATE, SEED_DATE, FK_CROP, FK_PARCEL, FK_STATUS) VALUES ('n/a', '2012-08-20', '2012-02-23', 35, 1, 1);
INSERT INTO PLANTING_RECORD (CROP_IRRIGATION_WATER_NEED, HARVEST_DATE, SEED_DATE, FK_CROP, FK_PARCEL, FK_STATUS) VALUES ('n/a', '2013-03-09', '2012-09-11', 35, 1, 1);
INSERT INTO PLANTING_RECORD (CROP_IRRIGATION_WATER_NEED, HARVEST_DATE, SEED_DATE, FK_CROP, FK_PARCEL, FK_STATUS) VALUES ('n/a', '2013-09-25', '2013-03-30', 35, 1, 1);
INSERT INTO PLANTING_RECORD (CROP_IRRIGATION_WATER_NEED, HARVEST_DATE, SEED_DATE, FK_CROP, FK_PARCEL, FK_STATUS) VALUES ('n/a', '2014-10-09', '2013-10-10', 42, 1, 1);
INSERT INTO PLANTING_RECORD (CROP_IRRIGATION_WATER_NEED, HARVEST_DATE, SEED_DATE, FK_CROP, FK_PARCEL, FK_STATUS) VALUES ('n/a', '2015-11-07', '2014-11-08', 42, 1, 1);
INSERT INTO PLANTING_RECORD (CROP_IRRIGATION_WATER_NEED, HARVEST_DATE, SEED_DATE, FK_CROP, FK_PARCEL, FK_STATUS) VALUES ('n/a', '2016-11-06', '2015-11-08', 42, 1, 1);
INSERT INTO PLANTING_RECORD (CROP_IRRIGATION_WATER_NEED, HARVEST_DATE, SEED_DATE, FK_CROP, FK_PARCEL, FK_STATUS) VALUES ('n/a', '2017-11-27', '2016-11-28', 42, 1, 1);
INSERT INTO PLANTING_RECORD (CROP_IRRIGATION_WATER_NEED, HARVEST_DATE, SEED_DATE, FK_CROP, FK_PARCEL, FK_STATUS) VALUES ('n/a', '2018-12-02', '2017-12-03', 42, 1, 1);
INSERT INTO PLANTING_RECORD (CROP_IRRIGATION_WATER_NEED, HARVEST_DATE, SEED_DATE, FK_CROP, FK_PARCEL, FK_STATUS) VALUES ('n/a', '2019-12-14', '2018-12-15', 43, 1, 1);
INSERT INTO PLANTING_RECORD (CROP_IRRIGATION_WATER_NEED, HARVEST_DATE, SEED_DATE, FK_CROP, FK_PARCEL, FK_STATUS) VALUES ('n/a', '2020-12-21', '2019-12-23', 43, 1, 1);

INSERT INTO IRRIGATION_RECORD ("DATE", IRRIGATION_DONE, FK_CROP, FK_PARCEL) VALUES ('1976-01-15', 60, 21, 1);
INSERT INTO IRRIGATION_RECORD ("DATE", IRRIGATION_DONE, FK_CROP, FK_PARCEL) VALUES ('1976-05-26', 45, 21, 1);
INSERT INTO IRRIGATION_RECORD ("DATE", IRRIGATION_DONE, FK_CROP, FK_PARCEL) VALUES ('1976-10-21', 50, 21, 1);
INSERT INTO IRRIGATION_RECORD ("DATE", IRRIGATION_DONE, FK_CROP, FK_PARCEL) VALUES ('1977-03-07', 25, 21, 1);
INSERT INTO IRRIGATION_RECORD ("DATE", IRRIGATION_DONE, FK_CROP, FK_PARCEL) VALUES ('1977-08-05', 85, 23, 1);
INSERT INTO IRRIGATION_RECORD ("DATE", IRRIGATION_DONE, FK_CROP, FK_PARCEL) VALUES ('1977-11-05', 24, 24, 1);
INSERT INTO IRRIGATION_RECORD ("DATE", IRRIGATION_DONE, FK_CROP, FK_PARCEL) VALUES ('1978-11-23', 35, 24, 1);
INSERT INTO IRRIGATION_RECORD ("DATE", IRRIGATION_DONE, FK_CROP, FK_PARCEL) VALUES ('1979-12-18', 25, 24, 1);
INSERT INTO IRRIGATION_RECORD ("DATE", IRRIGATION_DONE, FK_CROP, FK_PARCEL) VALUES ('1980-12-31', 30, 24, 1);
INSERT INTO IRRIGATION_RECORD ("DATE", IRRIGATION_DONE, FK_CROP, FK_PARCEL) VALUES ('1981-12-27', 40, 24, 1);
INSERT INTO IRRIGATION_RECORD ("DATE", IRRIGATION_DONE, FK_CROP, FK_PARCEL) VALUES ('1982-12-26', 30, 1, 1);
INSERT INTO IRRIGATION_RECORD ("DATE", IRRIGATION_DONE, FK_CROP, FK_PARCEL) VALUES ('1983-05-20', 35, 1, 1);
INSERT INTO IRRIGATION_RECORD ("DATE", IRRIGATION_DONE, FK_CROP, FK_PARCEL) VALUES ('1983-10-04', 50, 1, 1);
INSERT INTO IRRIGATION_RECORD ("DATE", IRRIGATION_DONE, FK_CROP, FK_PARCEL) VALUES ('1984-03-11', 40, 1, 1);
INSERT INTO IRRIGATION_RECORD ("DATE", IRRIGATION_DONE, FK_CROP, FK_PARCEL) VALUES ('1984-08-04', 20, 1, 1);
INSERT INTO IRRIGATION_RECORD ("DATE", IRRIGATION_DONE, FK_CROP, FK_PARCEL) VALUES ('1985-01-07', 25, 1, 1);
INSERT INTO IRRIGATION_RECORD ("DATE", IRRIGATION_DONE, FK_CROP, FK_PARCEL) VALUES ('1985-06-05', 60, 1, 1);
INSERT INTO IRRIGATION_RECORD ("DATE", IRRIGATION_DONE, FK_CROP, FK_PARCEL) VALUES ('1985-10-29', 55, 1, 1);
INSERT INTO IRRIGATION_RECORD ("DATE", IRRIGATION_DONE, FK_CROP, FK_PARCEL) VALUES ('1986-03-28', 40, 12, 1);
INSERT INTO IRRIGATION_RECORD ("DATE", IRRIGATION_DONE, FK_CROP, FK_PARCEL) VALUES ('1986-08-13', 70, 12, 1);
INSERT INTO IRRIGATION_RECORD ("DATE", IRRIGATION_DONE, FK_CROP, FK_PARCEL) VALUES ('1986-12-31', 65, 12, 1);
INSERT INTO IRRIGATION_RECORD ("DATE", IRRIGATION_DONE, FK_CROP, FK_PARCEL) VALUES ('1987-05-31', 20, 13, 1);
INSERT INTO IRRIGATION_RECORD ("DATE", IRRIGATION_DONE, FK_CROP, FK_PARCEL) VALUES ('1987-10-16', 35, 13, 1);
INSERT INTO IRRIGATION_RECORD ("DATE", IRRIGATION_DONE, FK_CROP, FK_PARCEL) VALUES ('1988-03-13', 10, 13, 1);
INSERT INTO IRRIGATION_RECORD ("DATE", IRRIGATION_DONE, FK_CROP, FK_PARCEL) VALUES ('1988-07-28', 90, 13, 1);
INSERT INTO IRRIGATION_RECORD ("DATE", IRRIGATION_DONE, FK_CROP, FK_PARCEL) VALUES ('1988-12-28', 120, 13, 1);
INSERT INTO IRRIGATION_RECORD ("DATE", IRRIGATION_DONE, FK_CROP, FK_PARCEL) VALUES ('1989-06-05', 150, 13, 1);
INSERT INTO IRRIGATION_RECORD ("DATE", IRRIGATION_DONE, FK_CROP, FK_PARCEL) VALUES ('1989-10-26', 100, 13, 1);
INSERT INTO IRRIGATION_RECORD ("DATE", IRRIGATION_DONE, FK_CROP, FK_PARCEL) VALUES ('1990-03-12', 80, 13, 1);
INSERT INTO IRRIGATION_RECORD ("DATE", IRRIGATION_DONE, FK_CROP, FK_PARCEL) VALUES ('1990-08-19', 20, 13, 1);
INSERT INTO IRRIGATION_RECORD ("DATE", IRRIGATION_DONE, FK_CROP, FK_PARCEL) VALUES ('1991-01-01', 25, 13, 1);
INSERT INTO IRRIGATION_RECORD ("DATE", IRRIGATION_DONE, FK_CROP, FK_PARCEL) VALUES ('1991-06-12', 30, 13, 1);
INSERT INTO IRRIGATION_RECORD ("DATE", IRRIGATION_DONE, FK_CROP, FK_PARCEL) VALUES ('1991-10-26', 35, 13, 1);
INSERT INTO IRRIGATION_RECORD ("DATE", IRRIGATION_DONE, FK_CROP, FK_PARCEL) VALUES ('1992-03-26', 40, 8, 1);
INSERT INTO IRRIGATION_RECORD ("DATE", IRRIGATION_DONE, FK_CROP, FK_PARCEL) VALUES ('1992-07-28', 75, 8, 1);
INSERT INTO IRRIGATION_RECORD ("DATE", IRRIGATION_DONE, FK_CROP, FK_PARCEL) VALUES ('1992-10-31', 44, 7, 1);
INSERT INTO IRRIGATION_RECORD ("DATE", IRRIGATION_DONE, FK_CROP, FK_PARCEL) VALUES ('1993-06-23', 24, 7, 1);
INSERT INTO IRRIGATION_RECORD ("DATE", IRRIGATION_DONE, FK_CROP, FK_PARCEL) VALUES ('1994-02-16', 69, 7, 1);
INSERT INTO IRRIGATION_RECORD ("DATE", IRRIGATION_DONE, FK_CROP, FK_PARCEL) VALUES ('1994-10-14', 77, 7, 1);
INSERT INTO IRRIGATION_RECORD ("DATE", IRRIGATION_DONE, FK_CROP, FK_PARCEL) VALUES ('1995-05-19', 19, 7, 1);
INSERT INTO IRRIGATION_RECORD ("DATE", IRRIGATION_DONE, FK_CROP, FK_PARCEL) VALUES ('1995-12-31', 15, 7, 1);
INSERT INTO IRRIGATION_RECORD ("DATE", IRRIGATION_DONE, FK_CROP, FK_PARCEL) VALUES ('1996-08-08', 52, 7, 1);
INSERT INTO IRRIGATION_RECORD ("DATE", IRRIGATION_DONE, FK_CROP, FK_PARCEL) VALUES ('1997-03-30', 42, 7, 1);
INSERT INTO IRRIGATION_RECORD ("DATE", IRRIGATION_DONE, FK_CROP, FK_PARCEL) VALUES ('1997-11-15', 109, 7, 1);
INSERT INTO IRRIGATION_RECORD ("DATE", IRRIGATION_DONE, FK_CROP, FK_PARCEL) VALUES ('1998-07-08', 100, 10, 1);
INSERT INTO IRRIGATION_RECORD ("DATE", IRRIGATION_DONE, FK_CROP, FK_PARCEL) VALUES ('1998-09-08', 105, 10, 1);
INSERT INTO IRRIGATION_RECORD ("DATE", IRRIGATION_DONE, FK_CROP, FK_PARCEL) VALUES ('1998-10-13', 120, 10, 1);
INSERT INTO IRRIGATION_RECORD ("DATE", IRRIGATION_DONE, FK_CROP, FK_PARCEL) VALUES ('1998-12-17', 115, 10, 1);
INSERT INTO IRRIGATION_RECORD ("DATE", IRRIGATION_DONE, FK_CROP, FK_PARCEL) VALUES ('1999-02-03', 100, 10, 1);
INSERT INTO IRRIGATION_RECORD ("DATE", IRRIGATION_DONE, FK_CROP, FK_PARCEL) VALUES ('1999-04-05', 90, 10, 1);
INSERT INTO IRRIGATION_RECORD ("DATE", IRRIGATION_DONE, FK_CROP, FK_PARCEL) VALUES ('1999-06-03', 95, 10, 1);
INSERT INTO IRRIGATION_RECORD ("DATE", IRRIGATION_DONE, FK_CROP, FK_PARCEL) VALUES ('1999-07-16', 90, 14, 1);
INSERT INTO IRRIGATION_RECORD ("DATE", IRRIGATION_DONE, FK_CROP, FK_PARCEL) VALUES ('1999-12-22', 80, 14, 1);
INSERT INTO IRRIGATION_RECORD ("DATE", IRRIGATION_DONE, FK_CROP, FK_PARCEL) VALUES ('2000-05-13', 74, 14, 1);
INSERT INTO IRRIGATION_RECORD ("DATE", IRRIGATION_DONE, FK_CROP, FK_PARCEL) VALUES ('2000-10-01', 62, 14, 1);
INSERT INTO IRRIGATION_RECORD ("DATE", IRRIGATION_DONE, FK_CROP, FK_PARCEL) VALUES ('2001-02-10', 82, 14, 1);
INSERT INTO IRRIGATION_RECORD ("DATE", IRRIGATION_DONE, FK_CROP, FK_PARCEL) VALUES ('2001-07-04', 97, 14, 1);
INSERT INTO IRRIGATION_RECORD ("DATE", IRRIGATION_DONE, FK_CROP, FK_PARCEL) VALUES ('2001-12-04', 100, 14, 1);
INSERT INTO IRRIGATION_RECORD ("DATE", IRRIGATION_DONE, FK_CROP, FK_PARCEL) VALUES ('2002-05-04', 130, 14, 1);
INSERT INTO IRRIGATION_RECORD ("DATE", IRRIGATION_DONE, FK_CROP, FK_PARCEL) VALUES ('2002-09-13', 125, 14, 1);
INSERT INTO IRRIGATION_RECORD ("DATE", IRRIGATION_DONE, FK_CROP, FK_PARCEL) VALUES ('2003-01-23', 114, 14, 1);
INSERT INTO IRRIGATION_RECORD ("DATE", IRRIGATION_DONE, FK_CROP, FK_PARCEL) VALUES ('2003-06-10', 59, 14, 1);
INSERT INTO IRRIGATION_RECORD ("DATE", IRRIGATION_DONE, FK_CROP, FK_PARCEL) VALUES ('2003-10-22', 112, 17, 1);
INSERT INTO IRRIGATION_RECORD ("DATE", IRRIGATION_DONE, FK_CROP, FK_PARCEL) VALUES ('2004-03-14', 124, 17, 1);
INSERT INTO IRRIGATION_RECORD ("DATE", IRRIGATION_DONE, FK_CROP, FK_PARCEL) VALUES ('2004-07-25', 114, 17, 1);
INSERT INTO IRRIGATION_RECORD ("DATE", IRRIGATION_DONE, FK_CROP, FK_PARCEL) VALUES ('2004-12-28', 90, 17, 1);
INSERT INTO IRRIGATION_RECORD ("DATE", IRRIGATION_DONE, FK_CROP, FK_PARCEL) VALUES ('2005-05-13', 85, 17, 1);
INSERT INTO IRRIGATION_RECORD ("DATE", IRRIGATION_DONE, FK_CROP, FK_PARCEL) VALUES ('2005-09-20', 35, 17, 1);
INSERT INTO IRRIGATION_RECORD ("DATE", IRRIGATION_DONE, FK_CROP, FK_PARCEL) VALUES ('2006-02-26', 25, 17, 1);
INSERT INTO IRRIGATION_RECORD ("DATE", IRRIGATION_DONE, FK_CROP, FK_PARCEL) VALUES ('2006-07-20', 20, 17, 1);
INSERT INTO IRRIGATION_RECORD ("DATE", IRRIGATION_DONE, FK_CROP, FK_PARCEL) VALUES ('2006-11-30', 21, 17, 1);
INSERT INTO IRRIGATION_RECORD ("DATE", IRRIGATION_DONE, FK_CROP, FK_PARCEL) VALUES ('2007-04-21', 41, 17, 1);
INSERT INTO IRRIGATION_RECORD ("DATE", IRRIGATION_DONE, FK_CROP, FK_PARCEL) VALUES ('2007-09-22', 60, 9, 1);
INSERT INTO IRRIGATION_RECORD ("DATE", IRRIGATION_DONE, FK_CROP, FK_PARCEL) VALUES ('2007-12-23', 70, 9, 1);
INSERT INTO IRRIGATION_RECORD ("DATE", IRRIGATION_DONE, FK_CROP, FK_PARCEL) VALUES ('2008-04-01', 75, 9, 1);
INSERT INTO IRRIGATION_RECORD ("DATE", IRRIGATION_DONE, FK_CROP, FK_PARCEL) VALUES ('2008-06-23', 45, 9, 1);
INSERT INTO IRRIGATION_RECORD ("DATE", IRRIGATION_DONE, FK_CROP, FK_PARCEL) VALUES ('2008-09-09', 55, 9, 1);
INSERT INTO IRRIGATION_RECORD ("DATE", IRRIGATION_DONE, FK_CROP, FK_PARCEL) VALUES ('2008-11-19', 40, 9, 1);
INSERT INTO IRRIGATION_RECORD ("DATE", IRRIGATION_DONE, FK_CROP, FK_PARCEL) VALUES ('2009-02-18', 25, 9, 1);
INSERT INTO IRRIGATION_RECORD ("DATE", IRRIGATION_DONE, FK_CROP, FK_PARCEL) VALUES ('2009-05-29', 30, 9, 1);
INSERT INTO IRRIGATION_RECORD ("DATE", IRRIGATION_DONE, FK_CROP, FK_PARCEL) VALUES ('2009-08-11', 35, 9, 1);
INSERT INTO IRRIGATION_RECORD ("DATE", IRRIGATION_DONE, FK_CROP, FK_PARCEL) VALUES ('2009-11-08', 95, 9, 1);
INSERT INTO IRRIGATION_RECORD ("DATE", IRRIGATION_DONE, FK_CROP, FK_PARCEL) VALUES ('2010-01-20', 90, 9, 1);
INSERT INTO IRRIGATION_RECORD ("DATE", IRRIGATION_DONE, FK_CROP, FK_PARCEL) VALUES ('2010-04-02', 120, 9, 1);
INSERT INTO IRRIGATION_RECORD ("DATE", IRRIGATION_DONE, FK_CROP, FK_PARCEL) VALUES ('2010-06-16', 110, 9, 1);
INSERT INTO IRRIGATION_RECORD ("DATE", IRRIGATION_DONE, FK_CROP, FK_PARCEL) VALUES ('2010-09-01', 105, 9, 1);
INSERT INTO IRRIGATION_RECORD ("DATE", IRRIGATION_DONE, FK_CROP, FK_PARCEL) VALUES ('2010-11-27', 40, 33, 1);
INSERT INTO IRRIGATION_RECORD ("DATE", IRRIGATION_DONE, FK_CROP, FK_PARCEL) VALUES ('2011-04-10', 20, 33, 1);
INSERT INTO IRRIGATION_RECORD ("DATE", IRRIGATION_DONE, FK_CROP, FK_PARCEL) VALUES ('2011-07-30', 15, 35, 1);
INSERT INTO IRRIGATION_RECORD ("DATE", IRRIGATION_DONE, FK_CROP, FK_PARCEL) VALUES ('2012-02-23', 60, 35, 1);
INSERT INTO IRRIGATION_RECORD ("DATE", IRRIGATION_DONE, FK_CROP, FK_PARCEL) VALUES ('2012-09-11', 85, 35, 1);
INSERT INTO IRRIGATION_RECORD ("DATE", IRRIGATION_DONE, FK_CROP, FK_PARCEL) VALUES ('2013-03-30', 75, 35, 1);
INSERT INTO IRRIGATION_RECORD ("DATE", IRRIGATION_DONE, FK_CROP, FK_PARCEL) VALUES ('2013-10-10', 45, 42, 1);
INSERT INTO IRRIGATION_RECORD ("DATE", IRRIGATION_DONE, FK_CROP, FK_PARCEL) VALUES ('2014-11-08', 55, 42, 1);
INSERT INTO IRRIGATION_RECORD ("DATE", IRRIGATION_DONE, FK_CROP, FK_PARCEL) VALUES ('2015-11-08', 61, 42, 1);
INSERT INTO IRRIGATION_RECORD ("DATE", IRRIGATION_DONE, FK_CROP, FK_PARCEL) VALUES ('2016-11-28', 22, 42, 1);
INSERT INTO IRRIGATION_RECORD ("DATE", IRRIGATION_DONE, FK_CROP, FK_PARCEL) VALUES ('2017-12-03', 30, 42, 1);
INSERT INTO IRRIGATION_RECORD ("DATE", IRRIGATION_DONE, FK_CROP, FK_PARCEL) VALUES ('2018-12-15', 85, 43, 1);
INSERT INTO IRRIGATION_RECORD ("DATE", IRRIGATION_DONE, FK_CROP, FK_PARCEL) VALUES ('2019-12-23', 110, 43, 1);

INSERT INTO HARVEST ("DATE", FK_CROP, FK_PARCEL, HARVEST_AMOUNT) VALUES ('1976-05-23', 21, 1, 15);
INSERT INTO HARVEST ("DATE", FK_CROP, FK_PARCEL, HARVEST_AMOUNT) VALUES ('1976-10-02', 21, 1, 15);
INSERT INTO HARVEST ("DATE", FK_CROP, FK_PARCEL, HARVEST_AMOUNT) VALUES ('1977-02-27', 21, 1, 30);
INSERT INTO HARVEST ("DATE", FK_CROP, FK_PARCEL, HARVEST_AMOUNT) VALUES ('1977-07-14', 21, 1, 25);
INSERT INTO HARVEST ("DATE", FK_CROP, FK_PARCEL, HARVEST_AMOUNT) VALUES ('1977-10-28', 23, 1, 90);
INSERT INTO HARVEST ("DATE", FK_CROP, FK_PARCEL, HARVEST_AMOUNT) VALUES ('1978-10-30', 24, 1, 45);
INSERT INTO HARVEST ("DATE", FK_CROP, FK_PARCEL, HARVEST_AMOUNT) VALUES ('1979-11-17', 24, 1, 50);
INSERT INTO HARVEST ("DATE", FK_CROP, FK_PARCEL, HARVEST_AMOUNT) VALUES ('1980-12-11', 24, 1, 90);
INSERT INTO HARVEST ("DATE", FK_CROP, FK_PARCEL, HARVEST_AMOUNT) VALUES ('1981-12-25', 24, 1, 80);
INSERT INTO HARVEST ("DATE", FK_CROP, FK_PARCEL, HARVEST_AMOUNT) VALUES ('1982-12-21', 24, 1, 20);
INSERT INTO HARVEST ("DATE", FK_CROP, FK_PARCEL, HARVEST_AMOUNT) VALUES ('1983-05-09', 1, 1, 25);
INSERT INTO HARVEST ("DATE", FK_CROP, FK_PARCEL, HARVEST_AMOUNT) VALUES ('1983-10-01', 1, 1, 24);
INSERT INTO HARVEST ("DATE", FK_CROP, FK_PARCEL, HARVEST_AMOUNT) VALUES ('1984-02-15', 1, 1, 60);
INSERT INTO HARVEST ("DATE", FK_CROP, FK_PARCEL, HARVEST_AMOUNT) VALUES ('1984-07-23', 1, 1, 65);
INSERT INTO HARVEST ("DATE", FK_CROP, FK_PARCEL, HARVEST_AMOUNT) VALUES ('1984-12-16', 1, 1, 75);
INSERT INTO HARVEST ("DATE", FK_CROP, FK_PARCEL, HARVEST_AMOUNT) VALUES ('1985-05-21', 1, 1, 77);
INSERT INTO HARVEST ("DATE", FK_CROP, FK_PARCEL, HARVEST_AMOUNT) VALUES ('1985-10-17', 1, 1, 89);
INSERT INTO HARVEST ("DATE", FK_CROP, FK_PARCEL, HARVEST_AMOUNT) VALUES ('1986-03-12', 1, 1, 39);
INSERT INTO HARVEST ("DATE", FK_CROP, FK_PARCEL, HARVEST_AMOUNT) VALUES ('1986-07-30', 12, 1, 44);
INSERT INTO HARVEST ("DATE", FK_CROP, FK_PARCEL, HARVEST_AMOUNT) VALUES ('1986-12-15', 12, 1, 52);
INSERT INTO HARVEST ("DATE", FK_CROP, FK_PARCEL, HARVEST_AMOUNT) VALUES ('1987-05-04', 12, 1, 51);
INSERT INTO HARVEST ("DATE", FK_CROP, FK_PARCEL, HARVEST_AMOUNT) VALUES ('1987-10-12', 13, 1, 50);
INSERT INTO HARVEST ("DATE", FK_CROP, FK_PARCEL, HARVEST_AMOUNT) VALUES ('1988-02-27', 13, 1, 20);
INSERT INTO HARVEST ("DATE", FK_CROP, FK_PARCEL, HARVEST_AMOUNT) VALUES ('1988-07-25', 13, 1, 30);
INSERT INTO HARVEST ("DATE", FK_CROP, FK_PARCEL, HARVEST_AMOUNT) VALUES ('1988-12-09', 13, 1, 40);
INSERT INTO HARVEST ("DATE", FK_CROP, FK_PARCEL, HARVEST_AMOUNT) VALUES ('1989-05-11', 13, 1, 100);
INSERT INTO HARVEST ("DATE", FK_CROP, FK_PARCEL, HARVEST_AMOUNT) VALUES ('1989-10-17', 13, 1, 50);
INSERT INTO HARVEST ("DATE", FK_CROP, FK_PARCEL, HARVEST_AMOUNT) VALUES ('1990-03-09', 13, 1, 25);
INSERT INTO HARVEST ("DATE", FK_CROP, FK_PARCEL, HARVEST_AMOUNT) VALUES ('1990-07-24', 13, 1, 15);
INSERT INTO HARVEST ("DATE", FK_CROP, FK_PARCEL, HARVEST_AMOUNT) VALUES ('1990-12-31', 13, 1, 20);
INSERT INTO HARVEST ("DATE", FK_CROP, FK_PARCEL, HARVEST_AMOUNT) VALUES ('1991-05-15', 13, 1, 21);
INSERT INTO HARVEST ("DATE", FK_CROP, FK_PARCEL, HARVEST_AMOUNT) VALUES ('1991-10-24', 13, 1, 31);
INSERT INTO HARVEST ("DATE", FK_CROP, FK_PARCEL, HARVEST_AMOUNT) VALUES ('1992-03-08', 13, 1, 66);
INSERT INTO HARVEST ("DATE", FK_CROP, FK_PARCEL, HARVEST_AMOUNT) VALUES ('1992-06-28', 8, 1, 80);
INSERT INTO HARVEST ("DATE", FK_CROP, FK_PARCEL, HARVEST_AMOUNT) VALUES ('1992-10-30', 8, 1, 90);
INSERT INTO HARVEST ("DATE", FK_CROP, FK_PARCEL, HARVEST_AMOUNT) VALUES ('1993-05-28', 7, 1, 40);
INSERT INTO HARVEST ("DATE", FK_CROP, FK_PARCEL, HARVEST_AMOUNT) VALUES ('1994-01-18', 7, 1, 15);
INSERT INTO HARVEST ("DATE", FK_CROP, FK_PARCEL, HARVEST_AMOUNT) VALUES ('1994-09-13', 7, 1, 15);
INSERT INTO HARVEST ("DATE", FK_CROP, FK_PARCEL, HARVEST_AMOUNT) VALUES ('1995-05-11', 7, 1, 15);
INSERT INTO HARVEST ("DATE", FK_CROP, FK_PARCEL, HARVEST_AMOUNT) VALUES ('1995-12-14', 7, 1, 25);
INSERT INTO HARVEST ("DATE", FK_CROP, FK_PARCEL, HARVEST_AMOUNT) VALUES ('1996-07-27', 7, 1, 65);
INSERT INTO HARVEST ("DATE", FK_CROP, FK_PARCEL, HARVEST_AMOUNT) VALUES ('1997-03-05', 7, 1, 85);
INSERT INTO HARVEST ("DATE", FK_CROP, FK_PARCEL, HARVEST_AMOUNT) VALUES ('1997-10-25', 7, 1, 44);
INSERT INTO HARVEST ("DATE", FK_CROP, FK_PARCEL, HARVEST_AMOUNT) VALUES ('1998-06-12', 7, 1, 42);
INSERT INTO HARVEST ("DATE", FK_CROP, FK_PARCEL, HARVEST_AMOUNT) VALUES ('1998-08-11', 10, 1, 20);
INSERT INTO HARVEST ("DATE", FK_CROP, FK_PARCEL, HARVEST_AMOUNT) VALUES ('1998-10-12', 10, 1, 20);
INSERT INTO HARVEST ("DATE", FK_CROP, FK_PARCEL, HARVEST_AMOUNT) VALUES ('1998-11-16', 10, 1, 20);
INSERT INTO HARVEST ("DATE", FK_CROP, FK_PARCEL, HARVEST_AMOUNT) VALUES ('1999-01-20', 10, 1, 35);
INSERT INTO HARVEST ("DATE", FK_CROP, FK_PARCEL, HARVEST_AMOUNT) VALUES ('1999-03-09', 10, 1, 40);
INSERT INTO HARVEST ("DATE", FK_CROP, FK_PARCEL, HARVEST_AMOUNT) VALUES ('1999-05-09', 10, 1, 50);
INSERT INTO HARVEST ("DATE", FK_CROP, FK_PARCEL, HARVEST_AMOUNT) VALUES ('1999-07-07', 10, 1, 99);
INSERT INTO HARVEST ("DATE", FK_CROP, FK_PARCEL, HARVEST_AMOUNT) VALUES ('1999-11-22', 14, 1, 77);
INSERT INTO HARVEST ("DATE", FK_CROP, FK_PARCEL, HARVEST_AMOUNT) VALUES ('2000-04-29', 14, 1, 60);
INSERT INTO HARVEST ("DATE", FK_CROP, FK_PARCEL, HARVEST_AMOUNT) VALUES ('2000-09-19', 14, 1, 20);
INSERT INTO HARVEST ("DATE", FK_CROP, FK_PARCEL, HARVEST_AMOUNT) VALUES ('2001-02-07', 14, 1, 70);
INSERT INTO HARVEST ("DATE", FK_CROP, FK_PARCEL, HARVEST_AMOUNT) VALUES ('2001-06-19', 14, 1, 55);
INSERT INTO HARVEST ("DATE", FK_CROP, FK_PARCEL, HARVEST_AMOUNT) VALUES ('2001-11-10', 14, 1, 85);
INSERT INTO HARVEST ("DATE", FK_CROP, FK_PARCEL, HARVEST_AMOUNT) VALUES ('2002-04-12', 14, 1, 71);
INSERT INTO HARVEST ("DATE", FK_CROP, FK_PARCEL, HARVEST_AMOUNT) VALUES ('2002-09-10', 14, 1, 45);
INSERT INTO HARVEST ("DATE", FK_CROP, FK_PARCEL, HARVEST_AMOUNT) VALUES ('2003-01-20', 14, 1, 65);
INSERT INTO HARVEST ("DATE", FK_CROP, FK_PARCEL, HARVEST_AMOUNT) VALUES ('2003-06-01', 14, 1, 25);
INSERT INTO HARVEST ("DATE", FK_CROP, FK_PARCEL, HARVEST_AMOUNT) VALUES ('2003-10-17', 14, 1, 51);
INSERT INTO HARVEST ("DATE", FK_CROP, FK_PARCEL, HARVEST_AMOUNT) VALUES ('2004-02-28', 17, 1, 90);
INSERT INTO HARVEST ("DATE", FK_CROP, FK_PARCEL, HARVEST_AMOUNT) VALUES ('2004-07-21', 17, 1, 100);
INSERT INTO HARVEST ("DATE", FK_CROP, FK_PARCEL, HARVEST_AMOUNT) VALUES ('2004-12-01', 17, 1, 55);
INSERT INTO HARVEST ("DATE", FK_CROP, FK_PARCEL, HARVEST_AMOUNT) VALUES ('2005-05-06', 17, 1, 71);
INSERT INTO HARVEST ("DATE", FK_CROP, FK_PARCEL, HARVEST_AMOUNT) VALUES ('2005-09-19', 17, 1, 61);
INSERT INTO HARVEST ("DATE", FK_CROP, FK_PARCEL, HARVEST_AMOUNT) VALUES ('2006-01-27', 17, 1, 42);
INSERT INTO HARVEST ("DATE", FK_CROP, FK_PARCEL, HARVEST_AMOUNT) VALUES ('2006-07-05', 17, 1, 90);
INSERT INTO HARVEST ("DATE", FK_CROP, FK_PARCEL, HARVEST_AMOUNT) VALUES ('2006-11-26', 17, 1, 109);
INSERT INTO HARVEST ("DATE", FK_CROP, FK_PARCEL, HARVEST_AMOUNT) VALUES ('2007-04-08', 17, 1, 76);
INSERT INTO HARVEST ("DATE", FK_CROP, FK_PARCEL, HARVEST_AMOUNT) VALUES ('2007-08-28', 17, 1, 66);
INSERT INTO HARVEST ("DATE", FK_CROP, FK_PARCEL, HARVEST_AMOUNT) VALUES ('2007-11-30', 9, 1, 77);
INSERT INTO HARVEST ("DATE", FK_CROP, FK_PARCEL, HARVEST_AMOUNT) VALUES ('2008-03-01', 9, 1, 51);
INSERT INTO HARVEST ("DATE", FK_CROP, FK_PARCEL, HARVEST_AMOUNT) VALUES ('2008-06-09', 9, 1, 22);
INSERT INTO HARVEST ("DATE", FK_CROP, FK_PARCEL, HARVEST_AMOUNT) VALUES ('2008-08-31', 9, 1, 24);
INSERT INTO HARVEST ("DATE", FK_CROP, FK_PARCEL, HARVEST_AMOUNT) VALUES ('2008-11-17', 9, 1, 25);
INSERT INTO HARVEST ("DATE", FK_CROP, FK_PARCEL, HARVEST_AMOUNT) VALUES ('2009-01-27', 9, 1, 39);
INSERT INTO HARVEST ("DATE", FK_CROP, FK_PARCEL, HARVEST_AMOUNT) VALUES ('2009-04-28', 9, 1, 40);
INSERT INTO HARVEST ("DATE", FK_CROP, FK_PARCEL, HARVEST_AMOUNT) VALUES ('2009-08-06', 9, 1, 50);
INSERT INTO HARVEST ("DATE", FK_CROP, FK_PARCEL, HARVEST_AMOUNT) VALUES ('2009-10-19', 9, 1, 60);
INSERT INTO HARVEST ("DATE", FK_CROP, FK_PARCEL, HARVEST_AMOUNT) VALUES ('2010-01-16', 9, 1, 74);
INSERT INTO HARVEST ("DATE", FK_CROP, FK_PARCEL, HARVEST_AMOUNT) VALUES ('2010-03-30', 9, 1, 22);
INSERT INTO HARVEST ("DATE", FK_CROP, FK_PARCEL, HARVEST_AMOUNT) VALUES ('2010-06-10', 9, 1, 24);
INSERT INTO HARVEST ("DATE", FK_CROP, FK_PARCEL, HARVEST_AMOUNT) VALUES ('2010-08-24', 9, 1, 19);
INSERT INTO HARVEST ("DATE", FK_CROP, FK_PARCEL, HARVEST_AMOUNT) VALUES ('2010-11-09', 9, 1, 64);
INSERT INTO HARVEST ("DATE", FK_CROP, FK_PARCEL, HARVEST_AMOUNT) VALUES ('2011-03-11', 33, 1, 50);
INSERT INTO HARVEST ("DATE", FK_CROP, FK_PARCEL, HARVEST_AMOUNT) VALUES ('2011-07-23', 33, 1, 40);
INSERT INTO HARVEST ("DATE", FK_CROP, FK_PARCEL, HARVEST_AMOUNT) VALUES ('2012-01-25', 35, 1, 20);
INSERT INTO HARVEST ("DATE", FK_CROP, FK_PARCEL, HARVEST_AMOUNT) VALUES ('2012-08-20', 35, 1, 30);
INSERT INTO HARVEST ("DATE", FK_CROP, FK_PARCEL, HARVEST_AMOUNT) VALUES ('2013-03-09', 35, 1, 40);
INSERT INTO HARVEST ("DATE", FK_CROP, FK_PARCEL, HARVEST_AMOUNT) VALUES ('2013-09-25', 35, 1, 50);
INSERT INTO HARVEST ("DATE", FK_CROP, FK_PARCEL, HARVEST_AMOUNT) VALUES ('2014-10-09', 42, 1, 50);
INSERT INTO HARVEST ("DATE", FK_CROP, FK_PARCEL, HARVEST_AMOUNT) VALUES ('2015-11-07', 42, 1, 50);
INSERT INTO HARVEST ("DATE", FK_CROP, FK_PARCEL, HARVEST_AMOUNT) VALUES ('2016-11-06', 42, 1, 80);
INSERT INTO HARVEST ("DATE", FK_CROP, FK_PARCEL, HARVEST_AMOUNT) VALUES ('2017-11-27', 42, 1, 95);
INSERT INTO HARVEST ("DATE", FK_CROP, FK_PARCEL, HARVEST_AMOUNT) VALUES ('2018-12-02', 42, 1, 25);
INSERT INTO HARVEST ("DATE", FK_CROP, FK_PARCEL, HARVEST_AMOUNT) VALUES ('2019-12-14', 43, 1, 50);
INSERT INTO HARVEST ("DATE", FK_CROP, FK_PARCEL, HARVEST_AMOUNT) VALUES ('2020-12-21', 43, 1, 25);

INSERT INTO CLIMATE_RECORD (ATMOSPHERIC_PRESSURE, CLOUD_COVER, "DATE", DEW_POINT, ETC, ETO, MAX_TEMP, MIN_TEMP, PRECIP, PRECIP_PROBABILITY, WIND_SPEED, TYPE_PRECIP_ONE, FK_PARCEL)
VALUES (101.43, 0.31, '1977-01-01', -4.4, 15.0, 3.613157757002548, 18.3, 9.01, 100.0, 0.0, 6.83, 1, 1);
INSERT INTO CLIMATE_RECORD (ATMOSPHERIC_PRESSURE, CLOUD_COVER, "DATE", DEW_POINT, ETC, ETO, MAX_TEMP, MIN_TEMP, PRECIP, PRECIP_PROBABILITY, WIND_SPEED, TYPE_PRECIP_ONE, FK_PARCEL)
VALUES (101.43, 0.31, '1978-01-01', -4.4, 15.0, 3.613157757002548, 18.3, 9.01, 120.0, 0.0, 6.83, 1, 1);
INSERT INTO CLIMATE_RECORD (ATMOSPHERIC_PRESSURE, CLOUD_COVER, "DATE", DEW_POINT, ETC, ETO, MAX_TEMP, MIN_TEMP, PRECIP, PRECIP_PROBABILITY, WIND_SPEED, TYPE_PRECIP_ONE, FK_PARCEL)
VALUES (101.43, 0.31, '1979-01-01', -4.4, 15.0, 3.613157757002548, 18.3, 9.01, 130.0, 0.0, 6.83, 1, 1);
INSERT INTO CLIMATE_RECORD (ATMOSPHERIC_PRESSURE, CLOUD_COVER, "DATE", DEW_POINT, ETC, ETO, MAX_TEMP, MIN_TEMP, PRECIP, PRECIP_PROBABILITY, WIND_SPEED, TYPE_PRECIP_ONE, FK_PARCEL)
VALUES (101.43, 0.31, '1980-01-01', -4.4, 15.0, 3.613157757002548, 18.3, 9.01, 150.0, 0.0, 6.83, 1, 1);
INSERT INTO CLIMATE_RECORD (ATMOSPHERIC_PRESSURE, CLOUD_COVER, "DATE", DEW_POINT, ETC, ETO, MAX_TEMP, MIN_TEMP, PRECIP, PRECIP_PROBABILITY, WIND_SPEED, TYPE_PRECIP_ONE, FK_PARCEL)
VALUES (101.43, 0.31, '1981-01-01', -4.4, 15.0, 3.613157757002548, 18.3, 9.01, 200.0, 0.0, 6.83, 1, 1);
INSERT INTO CLIMATE_RECORD (ATMOSPHERIC_PRESSURE, CLOUD_COVER, "DATE", DEW_POINT, ETC, ETO, MAX_TEMP, MIN_TEMP, PRECIP, PRECIP_PROBABILITY, WIND_SPEED, TYPE_PRECIP_ONE, FK_PARCEL)
VALUES (101.43, 0.31, '1982-01-01', -4.4, 15.0, 3.613157757002548, 18.3, 9.01, 250.0, 0.0, 6.83, 1, 1);
INSERT INTO CLIMATE_RECORD (ATMOSPHERIC_PRESSURE, CLOUD_COVER, "DATE", DEW_POINT, ETC, ETO, MAX_TEMP, MIN_TEMP, PRECIP, PRECIP_PROBABILITY, WIND_SPEED, TYPE_PRECIP_ONE, FK_PARCEL)
VALUES (101.43, 0.31, '1983-01-01', -4.4, 15.0, 3.613157757002548, 18.3, 9.01, 215.0, 0.0, 6.83, 1, 1);
INSERT INTO CLIMATE_RECORD (ATMOSPHERIC_PRESSURE, CLOUD_COVER, "DATE", DEW_POINT, ETC, ETO, MAX_TEMP, MIN_TEMP, PRECIP, PRECIP_PROBABILITY, WIND_SPEED, TYPE_PRECIP_ONE, FK_PARCEL)
VALUES (101.43, 0.31, '1984-01-01', -4.4, 15.0, 3.613157757002548, 18.3, 9.01, 300.0, 0.0, 6.83, 1, 1);
INSERT INTO CLIMATE_RECORD (ATMOSPHERIC_PRESSURE, CLOUD_COVER, "DATE", DEW_POINT, ETC, ETO, MAX_TEMP, MIN_TEMP, PRECIP, PRECIP_PROBABILITY, WIND_SPEED, TYPE_PRECIP_ONE, FK_PARCEL)
VALUES (101.43, 0.31, '1985-01-01', -4.4, 15.0, 3.613157757002548, 18.3, 9.01, 150.0, 0.0, 6.83, 1, 1);
INSERT INTO CLIMATE_RECORD (ATMOSPHERIC_PRESSURE, CLOUD_COVER, "DATE", DEW_POINT, ETC, ETO, MAX_TEMP, MIN_TEMP, PRECIP, PRECIP_PROBABILITY, WIND_SPEED, TYPE_PRECIP_ONE, FK_PARCEL)
VALUES (101.43, 0.31, '1986-01-01', -4.4, 15.0, 3.613157757002548, 18.3, 9.01, 210.0, 0.0, 6.83, 1, 1);
INSERT INTO CLIMATE_RECORD (ATMOSPHERIC_PRESSURE, CLOUD_COVER, "DATE", DEW_POINT, ETC, ETO, MAX_TEMP, MIN_TEMP, PRECIP, PRECIP_PROBABILITY, WIND_SPEED, TYPE_PRECIP_ONE, FK_PARCEL)
VALUES (101.43, 0.31, '1987-01-01', -4.4, 15.0, 3.613157757002548, 18.3, 9.01, 100.0, 0.0, 6.83, 1, 1);
INSERT INTO CLIMATE_RECORD (ATMOSPHERIC_PRESSURE, CLOUD_COVER, "DATE", DEW_POINT, ETC, ETO, MAX_TEMP, MIN_TEMP, PRECIP, PRECIP_PROBABILITY, WIND_SPEED, TYPE_PRECIP_ONE, FK_PARCEL)
VALUES (101.43, 0.31, '1988-01-01', -4.4, 15.0, 3.613157757002548, 18.3, 9.01, 280.0, 0.0, 6.83, 1, 1);
INSERT INTO CLIMATE_RECORD (ATMOSPHERIC_PRESSURE, CLOUD_COVER, "DATE", DEW_POINT, ETC, ETO, MAX_TEMP, MIN_TEMP, PRECIP, PRECIP_PROBABILITY, WIND_SPEED, TYPE_PRECIP_ONE, FK_PARCEL)
VALUES (101.43, 0.31, '1989-01-01', -4.4, 15.0, 3.613157757002548, 18.3, 9.01, 310.0, 0.0, 6.83, 1, 1);
INSERT INTO CLIMATE_RECORD (ATMOSPHERIC_PRESSURE, CLOUD_COVER, "DATE", DEW_POINT, ETC, ETO, MAX_TEMP, MIN_TEMP, PRECIP, PRECIP_PROBABILITY, WIND_SPEED, TYPE_PRECIP_ONE, FK_PARCEL)
VALUES (101.43, 0.31, '1990-01-01', -4.4, 15.0, 3.613157757002548, 18.3, 9.01, 350.0, 0.0, 6.83, 1, 1);
INSERT INTO CLIMATE_RECORD (ATMOSPHERIC_PRESSURE, CLOUD_COVER, "DATE", DEW_POINT, ETC, ETO, MAX_TEMP, MIN_TEMP, PRECIP, PRECIP_PROBABILITY, WIND_SPEED, TYPE_PRECIP_ONE, FK_PARCEL)
VALUES (101.43, 0.31, '1991-01-01', -4.4, 15.0, 3.613157757002548, 18.3, 9.01, 170.0, 0.0, 6.83, 1, 1);
INSERT INTO CLIMATE_RECORD (ATMOSPHERIC_PRESSURE, CLOUD_COVER, "DATE", DEW_POINT, ETC, ETO, MAX_TEMP, MIN_TEMP, PRECIP, PRECIP_PROBABILITY, WIND_SPEED, TYPE_PRECIP_ONE, FK_PARCEL)
VALUES (101.43, 0.31, '1992-01-01', -4.4, 15.0, 3.613157757002548, 18.3, 9.01, 240.0, 0.0, 6.83, 1, 1);
INSERT INTO CLIMATE_RECORD (ATMOSPHERIC_PRESSURE, CLOUD_COVER, "DATE", DEW_POINT, ETC, ETO, MAX_TEMP, MIN_TEMP, PRECIP, PRECIP_PROBABILITY, WIND_SPEED, TYPE_PRECIP_ONE, FK_PARCEL)
VALUES (101.43, 0.31, '1993-01-01', -4.4, 15.0, 3.613157757002548, 18.3, 9.01, 245.0, 0.0, 6.83, 1, 1);
INSERT INTO CLIMATE_RECORD (ATMOSPHERIC_PRESSURE, CLOUD_COVER, "DATE", DEW_POINT, ETC, ETO, MAX_TEMP, MIN_TEMP, PRECIP, PRECIP_PROBABILITY, WIND_SPEED, TYPE_PRECIP_ONE, FK_PARCEL)
VALUES (101.43, 0.31, '1994-01-01', -4.4, 15.0, 3.613157757002548, 18.3, 9.01, 155.0, 0.0, 6.83, 1, 1);
INSERT INTO CLIMATE_RECORD (ATMOSPHERIC_PRESSURE, CLOUD_COVER, "DATE", DEW_POINT, ETC, ETO, MAX_TEMP, MIN_TEMP, PRECIP, PRECIP_PROBABILITY, WIND_SPEED, TYPE_PRECIP_ONE, FK_PARCEL)
VALUES (101.43, 0.31, '1995-01-01', -4.4, 15.0, 3.613157757002548, 18.3, 9.01, 235.0, 0.0, 6.83, 1, 1);
INSERT INTO CLIMATE_RECORD (ATMOSPHERIC_PRESSURE, CLOUD_COVER, "DATE", DEW_POINT, ETC, ETO, MAX_TEMP, MIN_TEMP, PRECIP, PRECIP_PROBABILITY, WIND_SPEED, TYPE_PRECIP_ONE, FK_PARCEL)
VALUES (101.43, 0.31, '1996-01-01', -4.4, 15.0, 3.613157757002548, 18.3, 9.01, 220.0, 0.0, 6.83, 1, 1);
INSERT INTO CLIMATE_RECORD (ATMOSPHERIC_PRESSURE, CLOUD_COVER, "DATE", DEW_POINT, ETC, ETO, MAX_TEMP, MIN_TEMP, PRECIP, PRECIP_PROBABILITY, WIND_SPEED, TYPE_PRECIP_ONE, FK_PARCEL)
VALUES (101.43, 0.31, '1997-01-01', -4.4, 15.0, 3.613157757002548, 18.3, 9.01, 225.0, 0.0, 6.83, 1, 1);
INSERT INTO CLIMATE_RECORD (ATMOSPHERIC_PRESSURE, CLOUD_COVER, "DATE", DEW_POINT, ETC, ETO, MAX_TEMP, MIN_TEMP, PRECIP, PRECIP_PROBABILITY, WIND_SPEED, TYPE_PRECIP_ONE, FK_PARCEL)
VALUES (101.43, 0.31, '1998-01-01', -4.4, 15.0, 3.613157757002548, 18.3, 9.01, 215.0, 0.0, 6.83, 1, 1);
INSERT INTO CLIMATE_RECORD (ATMOSPHERIC_PRESSURE, CLOUD_COVER, "DATE", DEW_POINT, ETC, ETO, MAX_TEMP, MIN_TEMP, PRECIP, PRECIP_PROBABILITY, WIND_SPEED, TYPE_PRECIP_ONE, FK_PARCEL)
VALUES (101.43, 0.31, '1999-01-01', -4.4, 15.0, 3.613157757002548, 18.3, 9.01, 175.0, 0.0, 6.83, 1, 1);
INSERT INTO CLIMATE_RECORD (ATMOSPHERIC_PRESSURE, CLOUD_COVER, "DATE", DEW_POINT, ETC, ETO, MAX_TEMP, MIN_TEMP, PRECIP, PRECIP_PROBABILITY, WIND_SPEED, TYPE_PRECIP_ONE, FK_PARCEL)
VALUES (101.43, 0.31, '2000-01-01', -4.4, 15.0, 3.613157757002548, 18.3, 9.01, 135.0, 0.0, 6.83, 1, 1);
INSERT INTO CLIMATE_RECORD (ATMOSPHERIC_PRESSURE, CLOUD_COVER, "DATE", DEW_POINT, ETC, ETO, MAX_TEMP, MIN_TEMP, PRECIP, PRECIP_PROBABILITY, WIND_SPEED, TYPE_PRECIP_ONE, FK_PARCEL)
VALUES (101.43, 0.31, '2001-01-01', -4.4, 15.0, 3.613157757002548, 18.3, 9.01, 145.0, 0.0, 6.83, 1, 1);
INSERT INTO CLIMATE_RECORD (ATMOSPHERIC_PRESSURE, CLOUD_COVER, "DATE", DEW_POINT, ETC, ETO, MAX_TEMP, MIN_TEMP, PRECIP, PRECIP_PROBABILITY, WIND_SPEED, TYPE_PRECIP_ONE, FK_PARCEL)
VALUES (101.43, 0.31, '2002-01-01', -4.4, 15.0, 3.613157757002548, 18.3, 9.01, 345.0, 0.0, 6.83, 1, 1);
INSERT INTO CLIMATE_RECORD (ATMOSPHERIC_PRESSURE, CLOUD_COVER, "DATE", DEW_POINT, ETC, ETO, MAX_TEMP, MIN_TEMP, PRECIP, PRECIP_PROBABILITY, WIND_SPEED, TYPE_PRECIP_ONE, FK_PARCEL)
VALUES (101.43, 0.31, '2003-01-01', -4.4, 15.0, 3.613157757002548, 18.3, 9.01, 330.0, 0.0, 6.83, 1, 1);
INSERT INTO CLIMATE_RECORD (ATMOSPHERIC_PRESSURE, CLOUD_COVER, "DATE", DEW_POINT, ETC, ETO, MAX_TEMP, MIN_TEMP, PRECIP, PRECIP_PROBABILITY, WIND_SPEED, TYPE_PRECIP_ONE, FK_PARCEL)
VALUES (101.43, 0.31, '2004-01-01', -4.4, 15.0, 3.613157757002548, 18.3, 9.01, 305.0, 0.0, 6.83, 1, 1);
INSERT INTO CLIMATE_RECORD (ATMOSPHERIC_PRESSURE, CLOUD_COVER, "DATE", DEW_POINT, ETC, ETO, MAX_TEMP, MIN_TEMP, PRECIP, PRECIP_PROBABILITY, WIND_SPEED, TYPE_PRECIP_ONE, FK_PARCEL)
VALUES (101.43, 0.31, '2005-01-01', -4.4, 15.0, 3.613157757002548, 18.3, 9.01, 295.0, 0.0, 6.83, 1, 1);
INSERT INTO CLIMATE_RECORD (ATMOSPHERIC_PRESSURE, CLOUD_COVER, "DATE", DEW_POINT, ETC, ETO, MAX_TEMP, MIN_TEMP, PRECIP, PRECIP_PROBABILITY, WIND_SPEED, TYPE_PRECIP_ONE, FK_PARCEL)
VALUES (101.43, 0.31, '2006-01-01', -4.4, 15.0, 3.613157757002548, 18.3, 9.01, 276.0, 0.0, 6.83, 1, 1);
INSERT INTO CLIMATE_RECORD (ATMOSPHERIC_PRESSURE, CLOUD_COVER, "DATE", DEW_POINT, ETC, ETO, MAX_TEMP, MIN_TEMP, PRECIP, PRECIP_PROBABILITY, WIND_SPEED, TYPE_PRECIP_ONE, FK_PARCEL)
VALUES (101.43, 0.31, '2007-01-01', -4.4, 15.0, 3.613157757002548, 18.3, 9.01, 233.0, 0.0, 6.83, 1, 1);
INSERT INTO CLIMATE_RECORD (ATMOSPHERIC_PRESSURE, CLOUD_COVER, "DATE", DEW_POINT, ETC, ETO, MAX_TEMP, MIN_TEMP, PRECIP, PRECIP_PROBABILITY, WIND_SPEED, TYPE_PRECIP_ONE, FK_PARCEL)
VALUES (101.43, 0.31, '2008-01-01', -4.4, 15.0, 3.613157757002548, 18.3, 9.01, 405.0, 0.0, 6.83, 1, 1);
INSERT INTO CLIMATE_RECORD (ATMOSPHERIC_PRESSURE, CLOUD_COVER, "DATE", DEW_POINT, ETC, ETO, MAX_TEMP, MIN_TEMP, PRECIP, PRECIP_PROBABILITY, WIND_SPEED, TYPE_PRECIP_ONE, FK_PARCEL)
VALUES (101.43, 0.31, '2009-01-01', -4.4, 15.0, 3.613157757002548, 18.3, 9.01, 255.0, 0.0, 6.83, 1, 1);
INSERT INTO CLIMATE_RECORD (ATMOSPHERIC_PRESSURE, CLOUD_COVER, "DATE", DEW_POINT, ETC, ETO, MAX_TEMP, MIN_TEMP, PRECIP, PRECIP_PROBABILITY, WIND_SPEED, TYPE_PRECIP_ONE, FK_PARCEL)
VALUES (101.43, 0.31, '2010-01-01', -4.4, 15.0, 3.613157757002548, 18.3, 9.01, 205.0, 0.0, 6.83, 1, 1);
INSERT INTO CLIMATE_RECORD (ATMOSPHERIC_PRESSURE, CLOUD_COVER, "DATE", DEW_POINT, ETC, ETO, MAX_TEMP, MIN_TEMP, PRECIP, PRECIP_PROBABILITY, WIND_SPEED, TYPE_PRECIP_ONE, FK_PARCEL)
VALUES (101.43, 0.31, '2011-01-01', -4.4, 15.0, 3.613157757002548, 18.3, 9.01, 145.0, 0.0, 6.83, 1, 1);
INSERT INTO CLIMATE_RECORD (ATMOSPHERIC_PRESSURE, CLOUD_COVER, "DATE", DEW_POINT, ETC, ETO, MAX_TEMP, MIN_TEMP, PRECIP, PRECIP_PROBABILITY, WIND_SPEED, TYPE_PRECIP_ONE, FK_PARCEL)
VALUES (101.43, 0.31, '2012-01-01', -4.4, 15.0, 3.613157757002548, 18.3, 9.01, 145.0, 0.0, 6.83, 1, 1);
INSERT INTO CLIMATE_RECORD (ATMOSPHERIC_PRESSURE, CLOUD_COVER, "DATE", DEW_POINT, ETC, ETO, MAX_TEMP, MIN_TEMP, PRECIP, PRECIP_PROBABILITY, WIND_SPEED, TYPE_PRECIP_ONE, FK_PARCEL)
VALUES (101.43, 0.31, '2013-01-01', -4.4, 15.0, 3.613157757002548, 18.3, 9.01, 130.0, 0.0, 6.83, 1, 1);
INSERT INTO CLIMATE_RECORD (ATMOSPHERIC_PRESSURE, CLOUD_COVER, "DATE", DEW_POINT, ETC, ETO, MAX_TEMP, MIN_TEMP, PRECIP, PRECIP_PROBABILITY, WIND_SPEED, TYPE_PRECIP_ONE, FK_PARCEL)
VALUES (101.43, 0.31, '2014-01-01', -4.4, 15.0, 3.613157757002548, 18.3, 9.01, 100.0, 0.0, 6.83, 1, 1);
INSERT INTO CLIMATE_RECORD (ATMOSPHERIC_PRESSURE, CLOUD_COVER, "DATE", DEW_POINT, ETC, ETO, MAX_TEMP, MIN_TEMP, PRECIP, PRECIP_PROBABILITY, WIND_SPEED, TYPE_PRECIP_ONE, FK_PARCEL)
VALUES (101.43, 0.31, '2015-01-01', -4.4, 15.0, 3.613157757002548, 18.3, 9.01, 90.0, 0.0, 6.83, 1, 1);
INSERT INTO CLIMATE_RECORD (ATMOSPHERIC_PRESSURE, CLOUD_COVER, "DATE", DEW_POINT, ETC, ETO, MAX_TEMP, MIN_TEMP, PRECIP, PRECIP_PROBABILITY, WIND_SPEED, TYPE_PRECIP_ONE, FK_PARCEL)
VALUES (101.43, 0.31, '2016-01-01', -4.4, 15.0, 3.613157757002548, 18.3, 9.01, 180.0, 0.0, 6.83, 1, 1);
INSERT INTO CLIMATE_RECORD (ATMOSPHERIC_PRESSURE, CLOUD_COVER, "DATE", DEW_POINT, ETC, ETO, MAX_TEMP, MIN_TEMP, PRECIP, PRECIP_PROBABILITY, WIND_SPEED, TYPE_PRECIP_ONE, FK_PARCEL)
VALUES (101.43, 0.31, '2017-01-01', -4.4, 15.0, 3.613157757002548, 18.3, 9.01, 200.0, 0.0, 6.83, 1, 1);
INSERT INTO CLIMATE_RECORD (ATMOSPHERIC_PRESSURE, CLOUD_COVER, "DATE", DEW_POINT, ETC, ETO, MAX_TEMP, MIN_TEMP, PRECIP, PRECIP_PROBABILITY, WIND_SPEED, TYPE_PRECIP_ONE, FK_PARCEL)
VALUES (101.43, 0.31, '2018-01-01', -4.4, 15.0, 3.613157757002548, 18.3, 9.01, 214.0, 0.0, 6.83, 1, 1);
INSERT INTO CLIMATE_RECORD (ATMOSPHERIC_PRESSURE, CLOUD_COVER, "DATE", DEW_POINT, ETC, ETO, MAX_TEMP, MIN_TEMP, PRECIP, PRECIP_PROBABILITY, WIND_SPEED, TYPE_PRECIP_ONE, FK_PARCEL)
VALUES (101.43, 0.31, '2019-01-01', -4.4, 15.0, 3.613157757002548, 18.3, 9.01, 175.0, 0.0, 6.83, 1, 1);